"id","x","y","dist.bn"
1,-178.2,87.1875,1
2,-174.6,87.1875,3
3,-171,87.1875,1
4,-167.4,87.1875,1
5,-163.8,87.1875,1
6,-160.2,87.1875,3
7,-156.6,87.1875,0
8,-153,87.1875,0
9,-149.4,87.1875,1
10,-145.8,87.1875,1
11,-142.2,87.1875,0
12,-138.6,87.1875,0
13,-135,87.1875,0
14,-131.4,87.1875,0
15,-127.8,87.1875,0
16,-124.2,87.1875,1
17,-120.6,87.1875,0
18,-117,87.1875,0
19,-113.4,87.1875,1
20,-109.8,87.1875,0
21,-106.2,87.1875,4
22,-102.6,87.1875,0
23,-99,87.1875,0
24,-95.4,87.1875,0
25,-91.8,87.1875,2
26,-88.2,87.1875,0
27,-84.6,87.1875,0
28,-81,87.1875,0
29,-77.4,87.1875,0
30,-73.8,87.1875,0
31,-70.2,87.1875,1
32,-66.6,87.1875,1
33,-63,87.1875,1
34,-59.4,87.1875,0
35,-55.8,87.1875,0
36,-52.2,87.1875,0
37,-48.6,87.1875,0
38,-45,87.1875,0
39,-41.4,87.1875,1
40,-37.8,87.1875,0
41,-34.2,87.1875,1
42,-30.6,87.1875,0
43,-27,87.1875,2
44,-23.4,87.1875,0
45,-19.8,87.1875,0
46,-16.2,87.1875,0
47,-12.6,87.1875,3
48,-9,87.1875,1
49,-5.40000000000001,87.1875,0
50,-1.79999999999998,87.1875,0
51,1.80000000000001,87.1875,1
52,5.40000000000001,87.1875,2
53,9,87.1875,0
54,12.6,87.1875,0
55,16.2,87.1875,1
56,19.8,87.1875,0
57,23.4,87.1875,2
58,27,87.1875,0
59,30.6,87.1875,0
60,34.2,87.1875,1
61,37.8,87.1875,0
62,41.4,87.1875,2
63,45,87.1875,0
64,48.6,87.1875,0
65,52.2,87.1875,0
66,55.8,87.1875,0
67,59.4,87.1875,1
68,63,87.1875,0
69,66.6,87.1875,1
70,70.2,87.1875,3
71,73.8,87.1875,0
72,77.4,87.1875,1
73,81,87.1875,0
74,84.6,87.1875,0
75,88.2,87.1875,0
76,91.8,87.1875,0
77,95.4,87.1875,0
78,99,87.1875,0
79,102.6,87.1875,0
80,106.2,87.1875,1
81,109.8,87.1875,3
82,113.4,87.1875,1
83,117,87.1875,1
84,120.6,87.1875,2
85,124.2,87.1875,0
86,127.8,87.1875,0
87,131.4,87.1875,0
88,135,87.1875,0
89,138.6,87.1875,0
90,142.2,87.1875,0
91,145.8,87.1875,0
92,149.4,87.1875,1
93,153,87.1875,0
94,156.6,87.1875,0
95,160.2,87.1875,0
96,163.8,87.1875,0
97,167.4,87.1875,2
98,171,87.1875,0
99,174.6,87.1875,0
100,178.2,87.1875,0
101,-178.2,81.5625,0
102,-174.6,81.5625,1
103,-171,81.5625,0
104,-167.4,81.5625,0
105,-163.8,81.5625,0
106,-160.2,81.5625,0
107,-156.6,81.5625,0
108,-153,81.5625,0
109,-149.4,81.5625,0
110,-145.8,81.5625,1
111,-142.2,81.5625,0
112,-138.6,81.5625,0
113,-135,81.5625,1
114,-131.4,81.5625,1
115,-127.8,81.5625,0
116,-124.2,81.5625,0
117,-120.6,81.5625,2
118,-117,81.5625,2
119,-113.4,81.5625,0
120,-109.8,81.5625,0
121,-106.2,81.5625,0
122,-102.6,81.5625,0
123,-99,81.5625,3
124,-95.4,81.5625,0
125,-91.8,81.5625,2
126,-88.2,81.5625,0
127,-84.6,81.5625,0
128,-81,81.5625,1
129,-77.4,81.5625,1
130,-73.8,81.5625,0
131,-70.2,81.5625,0
132,-66.6,81.5625,0
133,-63,81.5625,1
134,-59.4,81.5625,2
135,-55.8,81.5625,0
136,-52.2,81.5625,0
137,-48.6,81.5625,0
138,-45,81.5625,0
139,-41.4,81.5625,2
140,-37.8,81.5625,0
141,-34.2,81.5625,0
142,-30.6,81.5625,1
143,-27,81.5625,0
144,-23.4,81.5625,0
145,-19.8,81.5625,1
146,-16.2,81.5625,0
147,-12.6,81.5625,0
148,-9,81.5625,1
149,-5.40000000000001,81.5625,2
150,-1.79999999999998,81.5625,1
151,1.80000000000001,81.5625,0
152,5.40000000000001,81.5625,0
153,9,81.5625,1
154,12.6,81.5625,0
155,16.2,81.5625,1
156,19.8,81.5625,0
157,23.4,81.5625,1
158,27,81.5625,0
159,30.6,81.5625,1
160,34.2,81.5625,0
161,37.8,81.5625,1
162,41.4,81.5625,0
163,45,81.5625,0
164,48.6,81.5625,1
165,52.2,81.5625,0
166,55.8,81.5625,0
167,59.4,81.5625,0
168,63,81.5625,0
169,66.6,81.5625,0
170,70.2,81.5625,0
171,73.8,81.5625,3
172,77.4,81.5625,0
173,81,81.5625,0
174,84.6,81.5625,0
175,88.2,81.5625,2
176,91.8,81.5625,0
177,95.4,81.5625,0
178,99,81.5625,2
179,102.6,81.5625,0
180,106.2,81.5625,0
181,109.8,81.5625,1
182,113.4,81.5625,1
183,117,81.5625,0
184,120.6,81.5625,2
185,124.2,81.5625,0
186,127.8,81.5625,1
187,131.4,81.5625,1
188,135,81.5625,0
189,138.6,81.5625,0
190,142.2,81.5625,1
191,145.8,81.5625,0
192,149.4,81.5625,0
193,153,81.5625,0
194,156.6,81.5625,1
195,160.2,81.5625,0
196,163.8,81.5625,0
197,167.4,81.5625,0
198,171,81.5625,0
199,174.6,81.5625,0
200,178.2,81.5625,0
201,-178.2,75.9375,0
202,-174.6,75.9375,1
203,-171,75.9375,0
204,-167.4,75.9375,1
205,-163.8,75.9375,2
206,-160.2,75.9375,0
207,-156.6,75.9375,3
208,-153,75.9375,2
209,-149.4,75.9375,0
210,-145.8,75.9375,0
211,-142.2,75.9375,1
212,-138.6,75.9375,0
213,-135,75.9375,0
214,-131.4,75.9375,0
215,-127.8,75.9375,0
216,-124.2,75.9375,1
217,-120.6,75.9375,0
218,-117,75.9375,0
219,-113.4,75.9375,0
220,-109.8,75.9375,1
221,-106.2,75.9375,0
222,-102.6,75.9375,1
223,-99,75.9375,0
224,-95.4,75.9375,0
225,-91.8,75.9375,1
226,-88.2,75.9375,0
227,-84.6,75.9375,1
228,-81,75.9375,0
229,-77.4,75.9375,0
230,-73.8,75.9375,0
231,-70.2,75.9375,2
232,-66.6,75.9375,1
233,-63,75.9375,2
234,-59.4,75.9375,0
235,-55.8,75.9375,0
236,-52.2,75.9375,0
237,-48.6,75.9375,1
238,-45,75.9375,1
239,-41.4,75.9375,2
240,-37.8,75.9375,1
241,-34.2,75.9375,0
242,-30.6,75.9375,0
243,-27,75.9375,0
244,-23.4,75.9375,0
245,-19.8,75.9375,2
246,-16.2,75.9375,0
247,-12.6,75.9375,0
248,-9,75.9375,0
249,-5.40000000000001,75.9375,0
250,-1.79999999999998,75.9375,0
251,1.80000000000001,75.9375,0
252,5.40000000000001,75.9375,1
253,9,75.9375,1
254,12.6,75.9375,3
255,16.2,75.9375,1
256,19.8,75.9375,1
257,23.4,75.9375,0
258,27,75.9375,0
259,30.6,75.9375,0
260,34.2,75.9375,4
261,37.8,75.9375,1
262,41.4,75.9375,0
263,45,75.9375,0
264,48.6,75.9375,0
265,52.2,75.9375,0
266,55.8,75.9375,0
267,59.4,75.9375,0
268,63,75.9375,1
269,66.6,75.9375,0
270,70.2,75.9375,0
271,73.8,75.9375,0
272,77.4,75.9375,0
273,81,75.9375,0
274,84.6,75.9375,2
275,88.2,75.9375,1
276,91.8,75.9375,0
277,95.4,75.9375,0
278,99,75.9375,0
279,102.6,75.9375,0
280,106.2,75.9375,1
281,109.8,75.9375,0
282,113.4,75.9375,0
283,117,75.9375,0
284,120.6,75.9375,1
285,124.2,75.9375,0
286,127.8,75.9375,0
287,131.4,75.9375,0
288,135,75.9375,1
289,138.6,75.9375,1
290,142.2,75.9375,0
291,145.8,75.9375,3
292,149.4,75.9375,0
293,153,75.9375,0
294,156.6,75.9375,1
295,160.2,75.9375,1
296,163.8,75.9375,0
297,167.4,75.9375,0
298,171,75.9375,0
299,174.6,75.9375,0
300,178.2,75.9375,0
301,-178.2,70.3125,1
302,-174.6,70.3125,0
303,-171,70.3125,0
304,-167.4,70.3125,0
305,-163.8,70.3125,1
306,-160.2,70.3125,1
307,-156.6,70.3125,0
308,-153,70.3125,0
309,-149.4,70.3125,0
310,-145.8,70.3125,0
311,-142.2,70.3125,0
312,-138.6,70.3125,0
313,-135,70.3125,0
314,-131.4,70.3125,0
315,-127.8,70.3125,0
316,-124.2,70.3125,0
317,-120.6,70.3125,0
318,-117,70.3125,0
319,-113.4,70.3125,0
320,-109.8,70.3125,0
321,-106.2,70.3125,0
322,-102.6,70.3125,2
323,-99,70.3125,0
324,-95.4,70.3125,1
325,-91.8,70.3125,0
326,-88.2,70.3125,1
327,-84.6,70.3125,0
328,-81,70.3125,2
329,-77.4,70.3125,0
330,-73.8,70.3125,0
331,-70.2,70.3125,0
332,-66.6,70.3125,0
333,-63,70.3125,1
334,-59.4,70.3125,0
335,-55.8,70.3125,0
336,-52.2,70.3125,0
337,-48.6,70.3125,2
338,-45,70.3125,1
339,-41.4,70.3125,0
340,-37.8,70.3125,0
341,-34.2,70.3125,0
342,-30.6,70.3125,0
343,-27,70.3125,0
344,-23.4,70.3125,0
345,-19.8,70.3125,2
346,-16.2,70.3125,0
347,-12.6,70.3125,0
348,-9,70.3125,0
349,-5.40000000000001,70.3125,0
350,-1.79999999999998,70.3125,0
351,1.80000000000001,70.3125,1
352,5.40000000000001,70.3125,1
353,9,70.3125,0
354,12.6,70.3125,0
355,16.2,70.3125,0
356,19.8,70.3125,1
357,23.4,70.3125,0
358,27,70.3125,1
359,30.6,70.3125,0
360,34.2,70.3125,0
361,37.8,70.3125,0
362,41.4,70.3125,0
363,45,70.3125,0
364,48.6,70.3125,0
365,52.2,70.3125,1
366,55.8,70.3125,0
367,59.4,70.3125,0
368,63,70.3125,1
369,66.6,70.3125,0
370,70.2,70.3125,1
371,73.8,70.3125,3
372,77.4,70.3125,1
373,81,70.3125,0
374,84.6,70.3125,0
375,88.2,70.3125,1
376,91.8,70.3125,0
377,95.4,70.3125,0
378,99,70.3125,0
379,102.6,70.3125,1
380,106.2,70.3125,2
381,109.8,70.3125,0
382,113.4,70.3125,0
383,117,70.3125,1
384,120.6,70.3125,0
385,124.2,70.3125,1
386,127.8,70.3125,0
387,131.4,70.3125,0
388,135,70.3125,1
389,138.6,70.3125,0
390,142.2,70.3125,0
391,145.8,70.3125,3
392,149.4,70.3125,1
393,153,70.3125,0
394,156.6,70.3125,0
395,160.2,70.3125,1
396,163.8,70.3125,0
397,167.4,70.3125,0
398,171,70.3125,0
399,174.6,70.3125,0
400,178.2,70.3125,0
401,-178.2,64.6875,0
402,-174.6,64.6875,1
403,-171,64.6875,0
404,-167.4,64.6875,0
405,-163.8,64.6875,0
406,-160.2,64.6875,2
407,-156.6,64.6875,0
408,-153,64.6875,0
409,-149.4,64.6875,1
410,-145.8,64.6875,0
411,-142.2,64.6875,0
412,-138.6,64.6875,0
413,-135,64.6875,0
414,-131.4,64.6875,0
415,-127.8,64.6875,0
416,-124.2,64.6875,1
417,-120.6,64.6875,0
418,-117,64.6875,2
419,-113.4,64.6875,0
420,-109.8,64.6875,0
421,-106.2,64.6875,0
422,-102.6,64.6875,0
423,-99,64.6875,0
424,-95.4,64.6875,1
425,-91.8,64.6875,0
426,-88.2,64.6875,1
427,-84.6,64.6875,2
428,-81,64.6875,0
429,-77.4,64.6875,0
430,-73.8,64.6875,0
431,-70.2,64.6875,0
432,-66.6,64.6875,2
433,-63,64.6875,0
434,-59.4,64.6875,1
435,-55.8,64.6875,0
436,-52.2,64.6875,0
437,-48.6,64.6875,0
438,-45,64.6875,2
439,-41.4,64.6875,2
440,-37.8,64.6875,1
441,-34.2,64.6875,1
442,-30.6,64.6875,2
443,-27,64.6875,1
444,-23.4,64.6875,1
445,-19.8,64.6875,0
446,-16.2,64.6875,1
447,-12.6,64.6875,0
448,-9,64.6875,0
449,-5.40000000000001,64.6875,0
450,-1.79999999999998,64.6875,0
451,1.80000000000001,64.6875,1
452,5.40000000000001,64.6875,0
453,9,64.6875,0
454,12.6,64.6875,0
455,16.2,64.6875,0
456,19.8,64.6875,2
457,23.4,64.6875,1
458,27,64.6875,0
459,30.6,64.6875,0
460,34.2,64.6875,0
461,37.8,64.6875,3
462,41.4,64.6875,0
463,45,64.6875,2
464,48.6,64.6875,0
465,52.2,64.6875,1
466,55.8,64.6875,1
467,59.4,64.6875,0
468,63,64.6875,0
469,66.6,64.6875,2
470,70.2,64.6875,0
471,73.8,64.6875,0
472,77.4,64.6875,0
473,81,64.6875,0
474,84.6,64.6875,1
475,88.2,64.6875,0
476,91.8,64.6875,0
477,95.4,64.6875,0
478,99,64.6875,0
479,102.6,64.6875,0
480,106.2,64.6875,0
481,109.8,64.6875,0
482,113.4,64.6875,0
483,117,64.6875,0
484,120.6,64.6875,1
485,124.2,64.6875,0
486,127.8,64.6875,1
487,131.4,64.6875,1
488,135,64.6875,1
489,138.6,64.6875,0
490,142.2,64.6875,1
491,145.8,64.6875,1
492,149.4,64.6875,0
493,153,64.6875,0
494,156.6,64.6875,0
495,160.2,64.6875,0
496,163.8,64.6875,0
497,167.4,64.6875,2
498,171,64.6875,0
499,174.6,64.6875,0
500,178.2,64.6875,0
501,-178.2,59.0625,1
502,-174.6,59.0625,0
503,-171,59.0625,0
504,-167.4,59.0625,0
505,-163.8,59.0625,0
506,-160.2,59.0625,1
507,-156.6,59.0625,1
508,-153,59.0625,0
509,-149.4,59.0625,1
510,-145.8,59.0625,1
511,-142.2,59.0625,0
512,-138.6,59.0625,0
513,-135,59.0625,0
514,-131.4,59.0625,0
515,-127.8,59.0625,0
516,-124.2,59.0625,2
517,-120.6,59.0625,3
518,-117,59.0625,1
519,-113.4,59.0625,0
520,-109.8,59.0625,0
521,-106.2,59.0625,0
522,-102.6,59.0625,1
523,-99,59.0625,0
524,-95.4,59.0625,0
525,-91.8,59.0625,0
526,-88.2,59.0625,0
527,-84.6,59.0625,0
528,-81,59.0625,0
529,-77.4,59.0625,1
530,-73.8,59.0625,0
531,-70.2,59.0625,0
532,-66.6,59.0625,0
533,-63,59.0625,0
534,-59.4,59.0625,0
535,-55.8,59.0625,0
536,-52.2,59.0625,1
537,-48.6,59.0625,1
538,-45,59.0625,0
539,-41.4,59.0625,0
540,-37.8,59.0625,0
541,-34.2,59.0625,0
542,-30.6,59.0625,0
543,-27,59.0625,1
544,-23.4,59.0625,0
545,-19.8,59.0625,0
546,-16.2,59.0625,0
547,-12.6,59.0625,1
548,-9,59.0625,1
549,-5.40000000000001,59.0625,0
550,-1.79999999999998,59.0625,0
551,1.80000000000001,59.0625,0
552,5.40000000000001,59.0625,0
553,9,59.0625,0
554,12.6,59.0625,1
555,16.2,59.0625,1
556,19.8,59.0625,0
557,23.4,59.0625,2
558,27,59.0625,0
559,30.6,59.0625,0
560,34.2,59.0625,0
561,37.8,59.0625,1
562,41.4,59.0625,0
563,45,59.0625,0
564,48.6,59.0625,0
565,52.2,59.0625,0
566,55.8,59.0625,0
567,59.4,59.0625,0
568,63,59.0625,0
569,66.6,59.0625,0
570,70.2,59.0625,0
571,73.8,59.0625,0
572,77.4,59.0625,0
573,81,59.0625,0
574,84.6,59.0625,2
575,88.2,59.0625,0
576,91.8,59.0625,1
577,95.4,59.0625,1
578,99,59.0625,0
579,102.6,59.0625,1
580,106.2,59.0625,1
581,109.8,59.0625,1
582,113.4,59.0625,0
583,117,59.0625,0
584,120.6,59.0625,0
585,124.2,59.0625,0
586,127.8,59.0625,0
587,131.4,59.0625,1
588,135,59.0625,1
589,138.6,59.0625,0
590,142.2,59.0625,0
591,145.8,59.0625,1
592,149.4,59.0625,0
593,153,59.0625,0
594,156.6,59.0625,0
595,160.2,59.0625,1
596,163.8,59.0625,2
597,167.4,59.0625,0
598,171,59.0625,0
599,174.6,59.0625,0
600,178.2,59.0625,0
601,-178.2,53.4375,1
602,-174.6,53.4375,0
603,-171,53.4375,1
604,-167.4,53.4375,4
605,-163.8,53.4375,1
606,-160.2,53.4375,0
607,-156.6,53.4375,0
608,-153,53.4375,0
609,-149.4,53.4375,0
610,-145.8,53.4375,0
611,-142.2,53.4375,1
612,-138.6,53.4375,0
613,-135,53.4375,0
614,-131.4,53.4375,0
615,-127.8,53.4375,0
616,-124.2,53.4375,0
617,-120.6,53.4375,0
618,-117,53.4375,0
619,-113.4,53.4375,1
620,-109.8,53.4375,0
621,-106.2,53.4375,1
622,-102.6,53.4375,0
623,-99,53.4375,1
624,-95.4,53.4375,1
625,-91.8,53.4375,0
626,-88.2,53.4375,0
627,-84.6,53.4375,0
628,-81,53.4375,0
629,-77.4,53.4375,0
630,-73.8,53.4375,0
631,-70.2,53.4375,0
632,-66.6,53.4375,0
633,-63,53.4375,0
634,-59.4,53.4375,1
635,-55.8,53.4375,0
636,-52.2,53.4375,1
637,-48.6,53.4375,1
638,-45,53.4375,0
639,-41.4,53.4375,1
640,-37.8,53.4375,0
641,-34.2,53.4375,0
642,-30.6,53.4375,0
643,-27,53.4375,0
644,-23.4,53.4375,0
645,-19.8,53.4375,0
646,-16.2,53.4375,0
647,-12.6,53.4375,1
648,-9,53.4375,1
649,-5.40000000000001,53.4375,0
650,-1.79999999999998,53.4375,0
651,1.80000000000001,53.4375,0
652,5.40000000000001,53.4375,1
653,9,53.4375,1
654,12.6,53.4375,1
655,16.2,53.4375,0
656,19.8,53.4375,0
657,23.4,53.4375,0
658,27,53.4375,0
659,30.6,53.4375,2
660,34.2,53.4375,3
661,37.8,53.4375,0
662,41.4,53.4375,1
663,45,53.4375,0
664,48.6,53.4375,1
665,52.2,53.4375,1
666,55.8,53.4375,1
667,59.4,53.4375,0
668,63,53.4375,1
669,66.6,53.4375,2
670,70.2,53.4375,0
671,73.8,53.4375,1
672,77.4,53.4375,4
673,81,53.4375,0
674,84.6,53.4375,0
675,88.2,53.4375,0
676,91.8,53.4375,2
677,95.4,53.4375,0
678,99,53.4375,0
679,102.6,53.4375,0
680,106.2,53.4375,0
681,109.8,53.4375,1
682,113.4,53.4375,1
683,117,53.4375,0
684,120.6,53.4375,0
685,124.2,53.4375,0
686,127.8,53.4375,0
687,131.4,53.4375,1
688,135,53.4375,0
689,138.6,53.4375,1
690,142.2,53.4375,1
691,145.8,53.4375,2
692,149.4,53.4375,0
693,153,53.4375,1
694,156.6,53.4375,0
695,160.2,53.4375,0
696,163.8,53.4375,0
697,167.4,53.4375,0
698,171,53.4375,0
699,174.6,53.4375,0
700,178.2,53.4375,0
701,-178.2,47.8125,1
702,-174.6,47.8125,0
703,-171,47.8125,0
704,-167.4,47.8125,0
705,-163.8,47.8125,0
706,-160.2,47.8125,0
707,-156.6,47.8125,0
708,-153,47.8125,0
709,-149.4,47.8125,0
710,-145.8,47.8125,0
711,-142.2,47.8125,0
712,-138.6,47.8125,0
713,-135,47.8125,0
714,-131.4,47.8125,0
715,-127.8,47.8125,1
716,-124.2,47.8125,1
717,-120.6,47.8125,3
718,-117,47.8125,0
719,-113.4,47.8125,0
720,-109.8,47.8125,0
721,-106.2,47.8125,1
722,-102.6,47.8125,0
723,-99,47.8125,1
724,-95.4,47.8125,1
725,-91.8,47.8125,3
726,-88.2,47.8125,0
727,-84.6,47.8125,0
728,-81,47.8125,2
729,-77.4,47.8125,0
730,-73.8,47.8125,0
731,-70.2,47.8125,1
732,-66.6,47.8125,0
733,-63,47.8125,0
734,-59.4,47.8125,0
735,-55.8,47.8125,2
736,-52.2,47.8125,0
737,-48.6,47.8125,0
738,-45,47.8125,0
739,-41.4,47.8125,0
740,-37.8,47.8125,0
741,-34.2,47.8125,0
742,-30.6,47.8125,1
743,-27,47.8125,0
744,-23.4,47.8125,0
745,-19.8,47.8125,0
746,-16.2,47.8125,1
747,-12.6,47.8125,0
748,-9,47.8125,3
749,-5.40000000000001,47.8125,0
750,-1.79999999999998,47.8125,0
751,1.80000000000001,47.8125,0
752,5.40000000000001,47.8125,1
753,9,47.8125,2
754,12.6,47.8125,0
755,16.2,47.8125,1
756,19.8,47.8125,0
757,23.4,47.8125,1
758,27,47.8125,1
759,30.6,47.8125,0
760,34.2,47.8125,3
761,37.8,47.8125,0
762,41.4,47.8125,0
763,45,47.8125,0
764,48.6,47.8125,1
765,52.2,47.8125,1
766,55.8,47.8125,0
767,59.4,47.8125,0
768,63,47.8125,1
769,66.6,47.8125,0
770,70.2,47.8125,0
771,73.8,47.8125,0
772,77.4,47.8125,0
773,81,47.8125,1
774,84.6,47.8125,0
775,88.2,47.8125,2
776,91.8,47.8125,0
777,95.4,47.8125,1
778,99,47.8125,1
779,102.6,47.8125,1
780,106.2,47.8125,1
781,109.8,47.8125,0
782,113.4,47.8125,0
783,117,47.8125,0
784,120.6,47.8125,0
785,124.2,47.8125,1
786,127.8,47.8125,0
787,131.4,47.8125,1
788,135,47.8125,1
789,138.6,47.8125,1
790,142.2,47.8125,0
791,145.8,47.8125,0
792,149.4,47.8125,1
793,153,47.8125,2
794,156.6,47.8125,0
795,160.2,47.8125,0
796,163.8,47.8125,0
797,167.4,47.8125,1
798,171,47.8125,1
799,174.6,47.8125,0
800,178.2,47.8125,1
801,-178.2,42.1875,0
802,-174.6,42.1875,0
803,-171,42.1875,0
804,-167.4,42.1875,0
805,-163.8,42.1875,1
806,-160.2,42.1875,0
807,-156.6,42.1875,1
808,-153,42.1875,2
809,-149.4,42.1875,0
810,-145.8,42.1875,0
811,-142.2,42.1875,0
812,-138.6,42.1875,0
813,-135,42.1875,0
814,-131.4,42.1875,0
815,-127.8,42.1875,1
816,-124.2,42.1875,0
817,-120.6,42.1875,1
818,-117,42.1875,2
819,-113.4,42.1875,0
820,-109.8,42.1875,0
821,-106.2,42.1875,1
822,-102.6,42.1875,4
823,-99,42.1875,0
824,-95.4,42.1875,0
825,-91.8,42.1875,0
826,-88.2,42.1875,2
827,-84.6,42.1875,3
828,-81,42.1875,0
829,-77.4,42.1875,0
830,-73.8,42.1875,0
831,-70.2,42.1875,0
832,-66.6,42.1875,3
833,-63,42.1875,2
834,-59.4,42.1875,0
835,-55.8,42.1875,0
836,-52.2,42.1875,1
837,-48.6,42.1875,1
838,-45,42.1875,1
839,-41.4,42.1875,0
840,-37.8,42.1875,0
841,-34.2,42.1875,1
842,-30.6,42.1875,0
843,-27,42.1875,0
844,-23.4,42.1875,1
845,-19.8,42.1875,0
846,-16.2,42.1875,0
847,-12.6,42.1875,0
848,-9,42.1875,0
849,-5.40000000000001,42.1875,1
850,-1.79999999999998,42.1875,0
851,1.80000000000001,42.1875,1
852,5.40000000000001,42.1875,0
853,9,42.1875,0
854,12.6,42.1875,1
855,16.2,42.1875,1
856,19.8,42.1875,0
857,23.4,42.1875,0
858,27,42.1875,1
859,30.6,42.1875,0
860,34.2,42.1875,0
861,37.8,42.1875,1
862,41.4,42.1875,0
863,45,42.1875,1
864,48.6,42.1875,1
865,52.2,42.1875,0
866,55.8,42.1875,2
867,59.4,42.1875,0
868,63,42.1875,1
869,66.6,42.1875,0
870,70.2,42.1875,0
871,73.8,42.1875,1
872,77.4,42.1875,0
873,81,42.1875,1
874,84.6,42.1875,0
875,88.2,42.1875,2
876,91.8,42.1875,0
877,95.4,42.1875,0
878,99,42.1875,0
879,102.6,42.1875,0
880,106.2,42.1875,1
881,109.8,42.1875,0
882,113.4,42.1875,0
883,117,42.1875,0
884,120.6,42.1875,0
885,124.2,42.1875,1
886,127.8,42.1875,1
887,131.4,42.1875,1
888,135,42.1875,0
889,138.6,42.1875,1
890,142.2,42.1875,0
891,145.8,42.1875,0
892,149.4,42.1875,0
893,153,42.1875,0
894,156.6,42.1875,1
895,160.2,42.1875,2
896,163.8,42.1875,0
897,167.4,42.1875,2
898,171,42.1875,1
899,174.6,42.1875,0
900,178.2,42.1875,0
901,-178.2,36.5625,2
902,-174.6,36.5625,0
903,-171,36.5625,0
904,-167.4,36.5625,0
905,-163.8,36.5625,0
906,-160.2,36.5625,0
907,-156.6,36.5625,0
908,-153,36.5625,2
909,-149.4,36.5625,0
910,-145.8,36.5625,1
911,-142.2,36.5625,0
912,-138.6,36.5625,1
913,-135,36.5625,1
914,-131.4,36.5625,0
915,-127.8,36.5625,1
916,-124.2,36.5625,0
917,-120.6,36.5625,1
918,-117,36.5625,0
919,-113.4,36.5625,0
920,-109.8,36.5625,4
921,-106.2,36.5625,1
922,-102.6,36.5625,0
923,-99,36.5625,0
924,-95.4,36.5625,1
925,-91.8,36.5625,0
926,-88.2,36.5625,2
927,-84.6,36.5625,1
928,-81,36.5625,0
929,-77.4,36.5625,0
930,-73.8,36.5625,0
931,-70.2,36.5625,0
932,-66.6,36.5625,0
933,-63,36.5625,0
934,-59.4,36.5625,1
935,-55.8,36.5625,0
936,-52.2,36.5625,0
937,-48.6,36.5625,0
938,-45,36.5625,1
939,-41.4,36.5625,0
940,-37.8,36.5625,0
941,-34.2,36.5625,1
942,-30.6,36.5625,1
943,-27,36.5625,0
944,-23.4,36.5625,0
945,-19.8,36.5625,1
946,-16.2,36.5625,2
947,-12.6,36.5625,0
948,-9,36.5625,0
949,-5.40000000000001,36.5625,0
950,-1.79999999999998,36.5625,1
951,1.80000000000001,36.5625,0
952,5.40000000000001,36.5625,0
953,9,36.5625,0
954,12.6,36.5625,0
955,16.2,36.5625,0
956,19.8,36.5625,0
957,23.4,36.5625,0
958,27,36.5625,1
959,30.6,36.5625,2
960,34.2,36.5625,0
961,37.8,36.5625,0
962,41.4,36.5625,1
963,45,36.5625,0
964,48.6,36.5625,0
965,52.2,36.5625,0
966,55.8,36.5625,0
967,59.4,36.5625,2
968,63,36.5625,0
969,66.6,36.5625,2
970,70.2,36.5625,0
971,73.8,36.5625,1
972,77.4,36.5625,1
973,81,36.5625,0
974,84.6,36.5625,1
975,88.2,36.5625,1
976,91.8,36.5625,0
977,95.4,36.5625,1
978,99,36.5625,0
979,102.6,36.5625,0
980,106.2,36.5625,0
981,109.8,36.5625,0
982,113.4,36.5625,0
983,117,36.5625,0
984,120.6,36.5625,0
985,124.2,36.5625,2
986,127.8,36.5625,0
987,131.4,36.5625,0
988,135,36.5625,1
989,138.6,36.5625,0
990,142.2,36.5625,0
991,145.8,36.5625,0
992,149.4,36.5625,0
993,153,36.5625,0
994,156.6,36.5625,0
995,160.2,36.5625,0
996,163.8,36.5625,1
997,167.4,36.5625,0
998,171,36.5625,0
999,174.6,36.5625,1
1000,178.2,36.5625,0
1001,-178.2,30.9375,0
1002,-174.6,30.9375,1
1003,-171,30.9375,0
1004,-167.4,30.9375,0
1005,-163.8,30.9375,0
1006,-160.2,30.9375,1
1007,-156.6,30.9375,0
1008,-153,30.9375,1
1009,-149.4,30.9375,0
1010,-145.8,30.9375,1
1011,-142.2,30.9375,1
1012,-138.6,30.9375,2
1013,-135,30.9375,0
1014,-131.4,30.9375,0
1015,-127.8,30.9375,0
1016,-124.2,30.9375,0
1017,-120.6,30.9375,0
1018,-117,30.9375,0
1019,-113.4,30.9375,0
1020,-109.8,30.9375,1
1021,-106.2,30.9375,1
1022,-102.6,30.9375,2
1023,-99,30.9375,0
1024,-95.4,30.9375,0
1025,-91.8,30.9375,0
1026,-88.2,30.9375,0
1027,-84.6,30.9375,0
1028,-81,30.9375,0
1029,-77.4,30.9375,0
1030,-73.8,30.9375,2
1031,-70.2,30.9375,0
1032,-66.6,30.9375,1
1033,-63,30.9375,1
1034,-59.4,30.9375,0
1035,-55.8,30.9375,0
1036,-52.2,30.9375,0
1037,-48.6,30.9375,0
1038,-45,30.9375,0
1039,-41.4,30.9375,0
1040,-37.8,30.9375,0
1041,-34.2,30.9375,2
1042,-30.6,30.9375,1
1043,-27,30.9375,0
1044,-23.4,30.9375,1
1045,-19.8,30.9375,3
1046,-16.2,30.9375,0
1047,-12.6,30.9375,0
1048,-9,30.9375,0
1049,-5.40000000000001,30.9375,1
1050,-1.79999999999998,30.9375,0
1051,1.80000000000001,30.9375,0
1052,5.40000000000001,30.9375,0
1053,9,30.9375,0
1054,12.6,30.9375,1
1055,16.2,30.9375,1
1056,19.8,30.9375,0
1057,23.4,30.9375,0
1058,27,30.9375,1
1059,30.6,30.9375,0
1060,34.2,30.9375,1
1061,37.8,30.9375,0
1062,41.4,30.9375,0
1063,45,30.9375,1
1064,48.6,30.9375,1
1065,52.2,30.9375,1
1066,55.8,30.9375,0
1067,59.4,30.9375,4
1068,63,30.9375,0
1069,66.6,30.9375,2
1070,70.2,30.9375,0
1071,73.8,30.9375,0
1072,77.4,30.9375,1
1073,81,30.9375,0
1074,84.6,30.9375,1
1075,88.2,30.9375,2
1076,91.8,30.9375,0
1077,95.4,30.9375,2
1078,99,30.9375,0
1079,102.6,30.9375,0
1080,106.2,30.9375,0
1081,109.8,30.9375,0
1082,113.4,30.9375,1
1083,117,30.9375,4
1084,120.6,30.9375,0
1085,124.2,30.9375,0
1086,127.8,30.9375,2
1087,131.4,30.9375,0
1088,135,30.9375,1
1089,138.6,30.9375,0
1090,142.2,30.9375,0
1091,145.8,30.9375,0
1092,149.4,30.9375,0
1093,153,30.9375,0
1094,156.6,30.9375,1
1095,160.2,30.9375,0
1096,163.8,30.9375,0
1097,167.4,30.9375,1
1098,171,30.9375,0
1099,174.6,30.9375,0
1100,178.2,30.9375,0
1101,-178.2,25.3125,0
1102,-174.6,25.3125,1
1103,-171,25.3125,1
1104,-167.4,25.3125,1
1105,-163.8,25.3125,0
1106,-160.2,25.3125,0
1107,-156.6,25.3125,0
1108,-153,25.3125,1
1109,-149.4,25.3125,0
1110,-145.8,25.3125,0
1111,-142.2,25.3125,0
1112,-138.6,25.3125,0
1113,-135,25.3125,1
1114,-131.4,25.3125,1
1115,-127.8,25.3125,0
1116,-124.2,25.3125,0
1117,-120.6,25.3125,1
1118,-117,25.3125,0
1119,-113.4,25.3125,2
1120,-109.8,25.3125,0
1121,-106.2,25.3125,0
1122,-102.6,25.3125,1
1123,-99,25.3125,0
1124,-95.4,25.3125,0
1125,-91.8,25.3125,1
1126,-88.2,25.3125,0
1127,-84.6,25.3125,0
1128,-81,25.3125,1
1129,-77.4,25.3125,0
1130,-73.8,25.3125,2
1131,-70.2,25.3125,1
1132,-66.6,25.3125,0
1133,-63,25.3125,0
1134,-59.4,25.3125,0
1135,-55.8,25.3125,0
1136,-52.2,25.3125,2
1137,-48.6,25.3125,0
1138,-45,25.3125,0
1139,-41.4,25.3125,0
1140,-37.8,25.3125,0
1141,-34.2,25.3125,1
1142,-30.6,25.3125,0
1143,-27,25.3125,0
1144,-23.4,25.3125,0
1145,-19.8,25.3125,1
1146,-16.2,25.3125,0
1147,-12.6,25.3125,0
1148,-9,25.3125,2
1149,-5.40000000000001,25.3125,1
1150,-1.79999999999998,25.3125,1
1151,1.80000000000001,25.3125,0
1152,5.40000000000001,25.3125,0
1153,9,25.3125,2
1154,12.6,25.3125,0
1155,16.2,25.3125,0
1156,19.8,25.3125,0
1157,23.4,25.3125,0
1158,27,25.3125,0
1159,30.6,25.3125,1
1160,34.2,25.3125,1
1161,37.8,25.3125,0
1162,41.4,25.3125,0
1163,45,25.3125,2
1164,48.6,25.3125,0
1165,52.2,25.3125,0
1166,55.8,25.3125,0
1167,59.4,25.3125,3
1168,63,25.3125,0
1169,66.6,25.3125,0
1170,70.2,25.3125,1
1171,73.8,25.3125,0
1172,77.4,25.3125,0
1173,81,25.3125,0
1174,84.6,25.3125,1
1175,88.2,25.3125,0
1176,91.8,25.3125,0
1177,95.4,25.3125,0
1178,99,25.3125,0
1179,102.6,25.3125,2
1180,106.2,25.3125,1
1181,109.8,25.3125,0
1182,113.4,25.3125,0
1183,117,25.3125,0
1184,120.6,25.3125,0
1185,124.2,25.3125,0
1186,127.8,25.3125,0
1187,131.4,25.3125,0
1188,135,25.3125,0
1189,138.6,25.3125,0
1190,142.2,25.3125,1
1191,145.8,25.3125,0
1192,149.4,25.3125,1
1193,153,25.3125,1
1194,156.6,25.3125,0
1195,160.2,25.3125,4
1196,163.8,25.3125,0
1197,167.4,25.3125,0
1198,171,25.3125,2
1199,174.6,25.3125,0
1200,178.2,25.3125,2
1201,-178.2,19.6875,0
1202,-174.6,19.6875,0
1203,-171,19.6875,0
1204,-167.4,19.6875,0
1205,-163.8,19.6875,1
1206,-160.2,19.6875,0
1207,-156.6,19.6875,0
1208,-153,19.6875,0
1209,-149.4,19.6875,1
1210,-145.8,19.6875,1
1211,-142.2,19.6875,0
1212,-138.6,19.6875,1
1213,-135,19.6875,1
1214,-131.4,19.6875,0
1215,-127.8,19.6875,1
1216,-124.2,19.6875,0
1217,-120.6,19.6875,1
1218,-117,19.6875,0
1219,-113.4,19.6875,0
1220,-109.8,19.6875,0
1221,-106.2,19.6875,0
1222,-102.6,19.6875,0
1223,-99,19.6875,0
1224,-95.4,19.6875,0
1225,-91.8,19.6875,1
1226,-88.2,19.6875,0
1227,-84.6,19.6875,1
1228,-81,19.6875,2
1229,-77.4,19.6875,2
1230,-73.8,19.6875,0
1231,-70.2,19.6875,0
1232,-66.6,19.6875,1
1233,-63,19.6875,1
1234,-59.4,19.6875,0
1235,-55.8,19.6875,0
1236,-52.2,19.6875,0
1237,-48.6,19.6875,0
1238,-45,19.6875,0
1239,-41.4,19.6875,0
1240,-37.8,19.6875,1
1241,-34.2,19.6875,0
1242,-30.6,19.6875,1
1243,-27,19.6875,1
1244,-23.4,19.6875,0
1245,-19.8,19.6875,1
1246,-16.2,19.6875,0
1247,-12.6,19.6875,0
1248,-9,19.6875,0
1249,-5.40000000000001,19.6875,2
1250,-1.79999999999998,19.6875,1
1251,1.80000000000001,19.6875,0
1252,5.40000000000001,19.6875,1
1253,9,19.6875,0
1254,12.6,19.6875,1
1255,16.2,19.6875,1
1256,19.8,19.6875,2
1257,23.4,19.6875,1
1258,27,19.6875,0
1259,30.6,19.6875,0
1260,34.2,19.6875,2
1261,37.8,19.6875,3
1262,41.4,19.6875,1
1263,45,19.6875,1
1264,48.6,19.6875,0
1265,52.2,19.6875,1
1266,55.8,19.6875,1
1267,59.4,19.6875,0
1268,63,19.6875,0
1269,66.6,19.6875,2
1270,70.2,19.6875,1
1271,73.8,19.6875,0
1272,77.4,19.6875,1
1273,81,19.6875,0
1274,84.6,19.6875,0
1275,88.2,19.6875,0
1276,91.8,19.6875,1
1277,95.4,19.6875,0
1278,99,19.6875,0
1279,102.6,19.6875,1
1280,106.2,19.6875,1
1281,109.8,19.6875,2
1282,113.4,19.6875,5
1283,117,19.6875,0
1284,120.6,19.6875,0
1285,124.2,19.6875,0
1286,127.8,19.6875,1
1287,131.4,19.6875,1
1288,135,19.6875,1
1289,138.6,19.6875,1
1290,142.2,19.6875,0
1291,145.8,19.6875,0
1292,149.4,19.6875,0
1293,153,19.6875,1
1294,156.6,19.6875,1
1295,160.2,19.6875,0
1296,163.8,19.6875,0
1297,167.4,19.6875,1
1298,171,19.6875,0
1299,174.6,19.6875,0
1300,178.2,19.6875,0
1301,-178.2,14.0625,0
1302,-174.6,14.0625,0
1303,-171,14.0625,0
1304,-167.4,14.0625,1
1305,-163.8,14.0625,0
1306,-160.2,14.0625,2
1307,-156.6,14.0625,0
1308,-153,14.0625,0
1309,-149.4,14.0625,2
1310,-145.8,14.0625,0
1311,-142.2,14.0625,1
1312,-138.6,14.0625,2
1313,-135,14.0625,2
1314,-131.4,14.0625,1
1315,-127.8,14.0625,1
1316,-124.2,14.0625,0
1317,-120.6,14.0625,0
1318,-117,14.0625,0
1319,-113.4,14.0625,0
1320,-109.8,14.0625,1
1321,-106.2,14.0625,1
1322,-102.6,14.0625,1
1323,-99,14.0625,1
1324,-95.4,14.0625,0
1325,-91.8,14.0625,0
1326,-88.2,14.0625,0
1327,-84.6,14.0625,0
1328,-81,14.0625,1
1329,-77.4,14.0625,0
1330,-73.8,14.0625,0
1331,-70.2,14.0625,0
1332,-66.6,14.0625,0
1333,-63,14.0625,1
1334,-59.4,14.0625,1
1335,-55.8,14.0625,0
1336,-52.2,14.0625,0
1337,-48.6,14.0625,1
1338,-45,14.0625,0
1339,-41.4,14.0625,0
1340,-37.8,14.0625,3
1341,-34.2,14.0625,0
1342,-30.6,14.0625,0
1343,-27,14.0625,0
1344,-23.4,14.0625,0
1345,-19.8,14.0625,1
1346,-16.2,14.0625,1
1347,-12.6,14.0625,0
1348,-9,14.0625,0
1349,-5.40000000000001,14.0625,1
1350,-1.79999999999998,14.0625,0
1351,1.80000000000001,14.0625,0
1352,5.40000000000001,14.0625,0
1353,9,14.0625,0
1354,12.6,14.0625,0
1355,16.2,14.0625,1
1356,19.8,14.0625,0
1357,23.4,14.0625,0
1358,27,14.0625,0
1359,30.6,14.0625,0
1360,34.2,14.0625,1
1361,37.8,14.0625,1
1362,41.4,14.0625,0
1363,45,14.0625,1
1364,48.6,14.0625,0
1365,52.2,14.0625,0
1366,55.8,14.0625,1
1367,59.4,14.0625,0
1368,63,14.0625,0
1369,66.6,14.0625,0
1370,70.2,14.0625,0
1371,73.8,14.0625,1
1372,77.4,14.0625,0
1373,81,14.0625,0
1374,84.6,14.0625,1
1375,88.2,14.0625,0
1376,91.8,14.0625,0
1377,95.4,14.0625,2
1378,99,14.0625,0
1379,102.6,14.0625,0
1380,106.2,14.0625,1
1381,109.8,14.0625,0
1382,113.4,14.0625,1
1383,117,14.0625,0
1384,120.6,14.0625,2
1385,124.2,14.0625,0
1386,127.8,14.0625,0
1387,131.4,14.0625,0
1388,135,14.0625,0
1389,138.6,14.0625,1
1390,142.2,14.0625,1
1391,145.8,14.0625,0
1392,149.4,14.0625,0
1393,153,14.0625,1
1394,156.6,14.0625,0
1395,160.2,14.0625,1
1396,163.8,14.0625,1
1397,167.4,14.0625,1
1398,171,14.0625,0
1399,174.6,14.0625,1
1400,178.2,14.0625,1
1401,-178.2,8.4375,3
1402,-174.6,8.4375,0
1403,-171,8.4375,1
1404,-167.4,8.4375,1
1405,-163.8,8.4375,2
1406,-160.2,8.4375,0
1407,-156.6,8.4375,0
1408,-153,8.4375,0
1409,-149.4,8.4375,0
1410,-145.8,8.4375,0
1411,-142.2,8.4375,1
1412,-138.6,8.4375,0
1413,-135,8.4375,1
1414,-131.4,8.4375,2
1415,-127.8,8.4375,0
1416,-124.2,8.4375,0
1417,-120.6,8.4375,0
1418,-117,8.4375,0
1419,-113.4,8.4375,0
1420,-109.8,8.4375,1
1421,-106.2,8.4375,1
1422,-102.6,8.4375,1
1423,-99,8.4375,1
1424,-95.4,8.4375,0
1425,-91.8,8.4375,0
1426,-88.2,8.4375,0
1427,-84.6,8.4375,3
1428,-81,8.4375,0
1429,-77.4,8.4375,0
1430,-73.8,8.4375,2
1431,-70.2,8.4375,0
1432,-66.6,8.4375,0
1433,-63,8.4375,2
1434,-59.4,8.4375,0
1435,-55.8,8.4375,0
1436,-52.2,8.4375,1
1437,-48.6,8.4375,0
1438,-45,8.4375,1
1439,-41.4,8.4375,1
1440,-37.8,8.4375,0
1441,-34.2,8.4375,1
1442,-30.6,8.4375,1
1443,-27,8.4375,2
1444,-23.4,8.4375,0
1445,-19.8,8.4375,1
1446,-16.2,8.4375,0
1447,-12.6,8.4375,1
1448,-9,8.4375,1
1449,-5.40000000000001,8.4375,0
1450,-1.79999999999998,8.4375,0
1451,1.80000000000001,8.4375,1
1452,5.40000000000001,8.4375,0
1453,9,8.4375,0
1454,12.6,8.4375,0
1455,16.2,8.4375,0
1456,19.8,8.4375,1
1457,23.4,8.4375,2
1458,27,8.4375,2
1459,30.6,8.4375,1
1460,34.2,8.4375,0
1461,37.8,8.4375,2
1462,41.4,8.4375,0
1463,45,8.4375,0
1464,48.6,8.4375,0
1465,52.2,8.4375,0
1466,55.8,8.4375,0
1467,59.4,8.4375,1
1468,63,8.4375,0
1469,66.6,8.4375,2
1470,70.2,8.4375,1
1471,73.8,8.4375,0
1472,77.4,8.4375,0
1473,81,8.4375,0
1474,84.6,8.4375,0
1475,88.2,8.4375,1
1476,91.8,8.4375,0
1477,95.4,8.4375,0
1478,99,8.4375,1
1479,102.6,8.4375,0
1480,106.2,8.4375,1
1481,109.8,8.4375,1
1482,113.4,8.4375,1
1483,117,8.4375,2
1484,120.6,8.4375,1
1485,124.2,8.4375,4
1486,127.8,8.4375,1
1487,131.4,8.4375,0
1488,135,8.4375,0
1489,138.6,8.4375,1
1490,142.2,8.4375,0
1491,145.8,8.4375,0
1492,149.4,8.4375,1
1493,153,8.4375,0
1494,156.6,8.4375,0
1495,160.2,8.4375,1
1496,163.8,8.4375,0
1497,167.4,8.4375,1
1498,171,8.4375,0
1499,174.6,8.4375,0
1500,178.2,8.4375,0
1501,-178.2,2.8125,0
1502,-174.6,2.8125,1
1503,-171,2.8125,0
1504,-167.4,2.8125,1
1505,-163.8,2.8125,1
1506,-160.2,2.8125,0
1507,-156.6,2.8125,0
1508,-153,2.8125,1
1509,-149.4,2.8125,1
1510,-145.8,2.8125,0
1511,-142.2,2.8125,0
1512,-138.6,2.8125,0
1513,-135,2.8125,1
1514,-131.4,2.8125,0
1515,-127.8,2.8125,2
1516,-124.2,2.8125,0
1517,-120.6,2.8125,1
1518,-117,2.8125,0
1519,-113.4,2.8125,1
1520,-109.8,2.8125,1
1521,-106.2,2.8125,1
1522,-102.6,2.8125,0
1523,-99,2.8125,2
1524,-95.4,2.8125,0
1525,-91.8,2.8125,2
1526,-88.2,2.8125,1
1527,-84.6,2.8125,2
1528,-81,2.8125,1
1529,-77.4,2.8125,0
1530,-73.8,2.8125,2
1531,-70.2,2.8125,2
1532,-66.6,2.8125,0
1533,-63,2.8125,1
1534,-59.4,2.8125,0
1535,-55.8,2.8125,1
1536,-52.2,2.8125,0
1537,-48.6,2.8125,1
1538,-45,2.8125,0
1539,-41.4,2.8125,0
1540,-37.8,2.8125,0
1541,-34.2,2.8125,0
1542,-30.6,2.8125,0
1543,-27,2.8125,0
1544,-23.4,2.8125,1
1545,-19.8,2.8125,0
1546,-16.2,2.8125,0
1547,-12.6,2.8125,0
1548,-9,2.8125,3
1549,-5.40000000000001,2.8125,0
1550,-1.79999999999998,2.8125,0
1551,1.80000000000001,2.8125,0
1552,5.40000000000001,2.8125,0
1553,9,2.8125,0
1554,12.6,2.8125,2
1555,16.2,2.8125,1
1556,19.8,2.8125,0
1557,23.4,2.8125,0
1558,27,2.8125,0
1559,30.6,2.8125,1
1560,34.2,2.8125,0
1561,37.8,2.8125,0
1562,41.4,2.8125,1
1563,45,2.8125,0
1564,48.6,2.8125,0
1565,52.2,2.8125,0
1566,55.8,2.8125,0
1567,59.4,2.8125,0
1568,63,2.8125,0
1569,66.6,2.8125,0
1570,70.2,2.8125,1
1571,73.8,2.8125,0
1572,77.4,2.8125,0
1573,81,2.8125,3
1574,84.6,2.8125,1
1575,88.2,2.8125,0
1576,91.8,2.8125,1
1577,95.4,2.8125,0
1578,99,2.8125,2
1579,102.6,2.8125,3
1580,106.2,2.8125,0
1581,109.8,2.8125,0
1582,113.4,2.8125,0
1583,117,2.8125,0
1584,120.6,2.8125,0
1585,124.2,2.8125,1
1586,127.8,2.8125,0
1587,131.4,2.8125,0
1588,135,2.8125,1
1589,138.6,2.8125,1
1590,142.2,2.8125,0
1591,145.8,2.8125,2
1592,149.4,2.8125,1
1593,153,2.8125,1
1594,156.6,2.8125,1
1595,160.2,2.8125,0
1596,163.8,2.8125,0
1597,167.4,2.8125,0
1598,171,2.8125,0
1599,174.6,2.8125,1
1600,178.2,2.8125,1
1601,-178.2,-2.8125,0
1602,-174.6,-2.8125,1
1603,-171,-2.8125,0
1604,-167.4,-2.8125,3
1605,-163.8,-2.8125,1
1606,-160.2,-2.8125,0
1607,-156.6,-2.8125,2
1608,-153,-2.8125,0
1609,-149.4,-2.8125,0
1610,-145.8,-2.8125,0
1611,-142.2,-2.8125,0
1612,-138.6,-2.8125,0
1613,-135,-2.8125,0
1614,-131.4,-2.8125,1
1615,-127.8,-2.8125,0
1616,-124.2,-2.8125,0
1617,-120.6,-2.8125,1
1618,-117,-2.8125,0
1619,-113.4,-2.8125,1
1620,-109.8,-2.8125,1
1621,-106.2,-2.8125,0
1622,-102.6,-2.8125,1
1623,-99,-2.8125,0
1624,-95.4,-2.8125,2
1625,-91.8,-2.8125,0
1626,-88.2,-2.8125,1
1627,-84.6,-2.8125,1
1628,-81,-2.8125,0
1629,-77.4,-2.8125,2
1630,-73.8,-2.8125,1
1631,-70.2,-2.8125,1
1632,-66.6,-2.8125,4
1633,-63,-2.8125,0
1634,-59.4,-2.8125,1
1635,-55.8,-2.8125,0
1636,-52.2,-2.8125,1
1637,-48.6,-2.8125,0
1638,-45,-2.8125,0
1639,-41.4,-2.8125,1
1640,-37.8,-2.8125,0
1641,-34.2,-2.8125,0
1642,-30.6,-2.8125,0
1643,-27,-2.8125,0
1644,-23.4,-2.8125,1
1645,-19.8,-2.8125,1
1646,-16.2,-2.8125,0
1647,-12.6,-2.8125,0
1648,-9,-2.8125,0
1649,-5.40000000000001,-2.8125,0
1650,-1.79999999999998,-2.8125,0
1651,1.80000000000001,-2.8125,0
1652,5.40000000000001,-2.8125,0
1653,9,-2.8125,0
1654,12.6,-2.8125,0
1655,16.2,-2.8125,0
1656,19.8,-2.8125,1
1657,23.4,-2.8125,2
1658,27,-2.8125,0
1659,30.6,-2.8125,0
1660,34.2,-2.8125,1
1661,37.8,-2.8125,0
1662,41.4,-2.8125,0
1663,45,-2.8125,0
1664,48.6,-2.8125,1
1665,52.2,-2.8125,0
1666,55.8,-2.8125,0
1667,59.4,-2.8125,1
1668,63,-2.8125,0
1669,66.6,-2.8125,2
1670,70.2,-2.8125,0
1671,73.8,-2.8125,1
1672,77.4,-2.8125,0
1673,81,-2.8125,0
1674,84.6,-2.8125,0
1675,88.2,-2.8125,0
1676,91.8,-2.8125,1
1677,95.4,-2.8125,1
1678,99,-2.8125,0
1679,102.6,-2.8125,0
1680,106.2,-2.8125,1
1681,109.8,-2.8125,0
1682,113.4,-2.8125,0
1683,117,-2.8125,0
1684,120.6,-2.8125,2
1685,124.2,-2.8125,1
1686,127.8,-2.8125,0
1687,131.4,-2.8125,0
1688,135,-2.8125,0
1689,138.6,-2.8125,0
1690,142.2,-2.8125,0
1691,145.8,-2.8125,1
1692,149.4,-2.8125,1
1693,153,-2.8125,4
1694,156.6,-2.8125,1
1695,160.2,-2.8125,0
1696,163.8,-2.8125,0
1697,167.4,-2.8125,0
1698,171,-2.8125,3
1699,174.6,-2.8125,1
1700,178.2,-2.8125,0
1701,-178.2,-8.4375,0
1702,-174.6,-8.4375,0
1703,-171,-8.4375,1
1704,-167.4,-8.4375,1
1705,-163.8,-8.4375,0
1706,-160.2,-8.4375,0
1707,-156.6,-8.4375,0
1708,-153,-8.4375,0
1709,-149.4,-8.4375,0
1710,-145.8,-8.4375,0
1711,-142.2,-8.4375,1
1712,-138.6,-8.4375,0
1713,-135,-8.4375,1
1714,-131.4,-8.4375,1
1715,-127.8,-8.4375,1
1716,-124.2,-8.4375,1
1717,-120.6,-8.4375,0
1718,-117,-8.4375,0
1719,-113.4,-8.4375,1
1720,-109.8,-8.4375,1
1721,-106.2,-8.4375,0
1722,-102.6,-8.4375,1
1723,-99,-8.4375,0
1724,-95.4,-8.4375,1
1725,-91.8,-8.4375,1
1726,-88.2,-8.4375,1
1727,-84.6,-8.4375,0
1728,-81,-8.4375,0
1729,-77.4,-8.4375,1
1730,-73.8,-8.4375,0
1731,-70.2,-8.4375,0
1732,-66.6,-8.4375,0
1733,-63,-8.4375,3
1734,-59.4,-8.4375,0
1735,-55.8,-8.4375,0
1736,-52.2,-8.4375,0
1737,-48.6,-8.4375,0
1738,-45,-8.4375,0
1739,-41.4,-8.4375,1
1740,-37.8,-8.4375,0
1741,-34.2,-8.4375,0
1742,-30.6,-8.4375,0
1743,-27,-8.4375,0
1744,-23.4,-8.4375,0
1745,-19.8,-8.4375,0
1746,-16.2,-8.4375,0
1747,-12.6,-8.4375,0
1748,-9,-8.4375,0
1749,-5.40000000000001,-8.4375,0
1750,-1.79999999999998,-8.4375,0
1751,1.80000000000001,-8.4375,0
1752,5.40000000000001,-8.4375,1
1753,9,-8.4375,2
1754,12.6,-8.4375,1
1755,16.2,-8.4375,0
1756,19.8,-8.4375,2
1757,23.4,-8.4375,0
1758,27,-8.4375,1
1759,30.6,-8.4375,0
1760,34.2,-8.4375,0
1761,37.8,-8.4375,0
1762,41.4,-8.4375,1
1763,45,-8.4375,0
1764,48.6,-8.4375,0
1765,52.2,-8.4375,0
1766,55.8,-8.4375,0
1767,59.4,-8.4375,0
1768,63,-8.4375,1
1769,66.6,-8.4375,0
1770,70.2,-8.4375,2
1771,73.8,-8.4375,1
1772,77.4,-8.4375,1
1773,81,-8.4375,0
1774,84.6,-8.4375,1
1775,88.2,-8.4375,0
1776,91.8,-8.4375,0
1777,95.4,-8.4375,0
1778,99,-8.4375,0
1779,102.6,-8.4375,0
1780,106.2,-8.4375,0
1781,109.8,-8.4375,0
1782,113.4,-8.4375,0
1783,117,-8.4375,0
1784,120.6,-8.4375,3
1785,124.2,-8.4375,1
1786,127.8,-8.4375,2
1787,131.4,-8.4375,0
1788,135,-8.4375,0
1789,138.6,-8.4375,0
1790,142.2,-8.4375,0
1791,145.8,-8.4375,2
1792,149.4,-8.4375,0
1793,153,-8.4375,0
1794,156.6,-8.4375,0
1795,160.2,-8.4375,0
1796,163.8,-8.4375,1
1797,167.4,-8.4375,1
1798,171,-8.4375,1
1799,174.6,-8.4375,1
1800,178.2,-8.4375,0
1801,-178.2,-14.0625,1
1802,-174.6,-14.0625,0
1803,-171,-14.0625,0
1804,-167.4,-14.0625,0
1805,-163.8,-14.0625,1
1806,-160.2,-14.0625,0
1807,-156.6,-14.0625,0
1808,-153,-14.0625,1
1809,-149.4,-14.0625,2
1810,-145.8,-14.0625,2
1811,-142.2,-14.0625,0
1812,-138.6,-14.0625,3
1813,-135,-14.0625,0
1814,-131.4,-14.0625,0
1815,-127.8,-14.0625,0
1816,-124.2,-14.0625,1
1817,-120.6,-14.0625,0
1818,-117,-14.0625,0
1819,-113.4,-14.0625,1
1820,-109.8,-14.0625,0
1821,-106.2,-14.0625,1
1822,-102.6,-14.0625,1
1823,-99,-14.0625,0
1824,-95.4,-14.0625,0
1825,-91.8,-14.0625,3
1826,-88.2,-14.0625,1
1827,-84.6,-14.0625,2
1828,-81,-14.0625,1
1829,-77.4,-14.0625,1
1830,-73.8,-14.0625,1
1831,-70.2,-14.0625,0
1832,-66.6,-14.0625,0
1833,-63,-14.0625,1
1834,-59.4,-14.0625,2
1835,-55.8,-14.0625,0
1836,-52.2,-14.0625,0
1837,-48.6,-14.0625,0
1838,-45,-14.0625,1
1839,-41.4,-14.0625,0
1840,-37.8,-14.0625,0
1841,-34.2,-14.0625,0
1842,-30.6,-14.0625,2
1843,-27,-14.0625,0
1844,-23.4,-14.0625,1
1845,-19.8,-14.0625,0
1846,-16.2,-14.0625,0
1847,-12.6,-14.0625,1
1848,-9,-14.0625,1
1849,-5.40000000000001,-14.0625,3
1850,-1.79999999999998,-14.0625,0
1851,1.80000000000001,-14.0625,0
1852,5.40000000000001,-14.0625,0
1853,9,-14.0625,1
1854,12.6,-14.0625,0
1855,16.2,-14.0625,0
1856,19.8,-14.0625,1
1857,23.4,-14.0625,0
1858,27,-14.0625,0
1859,30.6,-14.0625,1
1860,34.2,-14.0625,0
1861,37.8,-14.0625,1
1862,41.4,-14.0625,0
1863,45,-14.0625,0
1864,48.6,-14.0625,0
1865,52.2,-14.0625,1
1866,55.8,-14.0625,1
1867,59.4,-14.0625,0
1868,63,-14.0625,2
1869,66.6,-14.0625,1
1870,70.2,-14.0625,0
1871,73.8,-14.0625,0
1872,77.4,-14.0625,1
1873,81,-14.0625,0
1874,84.6,-14.0625,0
1875,88.2,-14.0625,0
1876,91.8,-14.0625,0
1877,95.4,-14.0625,1
1878,99,-14.0625,0
1879,102.6,-14.0625,0
1880,106.2,-14.0625,0
1881,109.8,-14.0625,2
1882,113.4,-14.0625,0
1883,117,-14.0625,0
1884,120.6,-14.0625,0
1885,124.2,-14.0625,1
1886,127.8,-14.0625,0
1887,131.4,-14.0625,0
1888,135,-14.0625,1
1889,138.6,-14.0625,0
1890,142.2,-14.0625,1
1891,145.8,-14.0625,0
1892,149.4,-14.0625,1
1893,153,-14.0625,2
1894,156.6,-14.0625,0
1895,160.2,-14.0625,0
1896,163.8,-14.0625,0
1897,167.4,-14.0625,2
1898,171,-14.0625,1
1899,174.6,-14.0625,0
1900,178.2,-14.0625,1
1901,-178.2,-19.6875,0
1902,-174.6,-19.6875,0
1903,-171,-19.6875,0
1904,-167.4,-19.6875,0
1905,-163.8,-19.6875,0
1906,-160.2,-19.6875,0
1907,-156.6,-19.6875,0
1908,-153,-19.6875,2
1909,-149.4,-19.6875,0
1910,-145.8,-19.6875,3
1911,-142.2,-19.6875,0
1912,-138.6,-19.6875,0
1913,-135,-19.6875,0
1914,-131.4,-19.6875,0
1915,-127.8,-19.6875,2
1916,-124.2,-19.6875,0
1917,-120.6,-19.6875,1
1918,-117,-19.6875,0
1919,-113.4,-19.6875,0
1920,-109.8,-19.6875,1
1921,-106.2,-19.6875,0
1922,-102.6,-19.6875,0
1923,-99,-19.6875,0
1924,-95.4,-19.6875,0
1925,-91.8,-19.6875,0
1926,-88.2,-19.6875,0
1927,-84.6,-19.6875,0
1928,-81,-19.6875,0
1929,-77.4,-19.6875,0
1930,-73.8,-19.6875,1
1931,-70.2,-19.6875,0
1932,-66.6,-19.6875,0
1933,-63,-19.6875,0
1934,-59.4,-19.6875,0
1935,-55.8,-19.6875,0
1936,-52.2,-19.6875,0
1937,-48.6,-19.6875,1
1938,-45,-19.6875,4
1939,-41.4,-19.6875,2
1940,-37.8,-19.6875,0
1941,-34.2,-19.6875,0
1942,-30.6,-19.6875,0
1943,-27,-19.6875,1
1944,-23.4,-19.6875,1
1945,-19.8,-19.6875,0
1946,-16.2,-19.6875,0
1947,-12.6,-19.6875,0
1948,-9,-19.6875,1
1949,-5.40000000000001,-19.6875,0
1950,-1.79999999999998,-19.6875,0
1951,1.80000000000001,-19.6875,1
1952,5.40000000000001,-19.6875,1
1953,9,-19.6875,2
1954,12.6,-19.6875,1
1955,16.2,-19.6875,2
1956,19.8,-19.6875,0
1957,23.4,-19.6875,0
1958,27,-19.6875,0
1959,30.6,-19.6875,1
1960,34.2,-19.6875,1
1961,37.8,-19.6875,1
1962,41.4,-19.6875,1
1963,45,-19.6875,2
1964,48.6,-19.6875,1
1965,52.2,-19.6875,1
1966,55.8,-19.6875,0
1967,59.4,-19.6875,0
1968,63,-19.6875,0
1969,66.6,-19.6875,2
1970,70.2,-19.6875,2
1971,73.8,-19.6875,0
1972,77.4,-19.6875,1
1973,81,-19.6875,0
1974,84.6,-19.6875,0
1975,88.2,-19.6875,0
1976,91.8,-19.6875,0
1977,95.4,-19.6875,1
1978,99,-19.6875,0
1979,102.6,-19.6875,0
1980,106.2,-19.6875,0
1981,109.8,-19.6875,0
1982,113.4,-19.6875,0
1983,117,-19.6875,1
1984,120.6,-19.6875,0
1985,124.2,-19.6875,0
1986,127.8,-19.6875,0
1987,131.4,-19.6875,1
1988,135,-19.6875,0
1989,138.6,-19.6875,0
1990,142.2,-19.6875,0
1991,145.8,-19.6875,0
1992,149.4,-19.6875,0
1993,153,-19.6875,2
1994,156.6,-19.6875,0
1995,160.2,-19.6875,1
1996,163.8,-19.6875,2
1997,167.4,-19.6875,0
1998,171,-19.6875,2
1999,174.6,-19.6875,0
2000,178.2,-19.6875,0
2001,-178.2,-25.3125,0
2002,-174.6,-25.3125,1
2003,-171,-25.3125,0
2004,-167.4,-25.3125,0
2005,-163.8,-25.3125,0
2006,-160.2,-25.3125,1
2007,-156.6,-25.3125,0
2008,-153,-25.3125,0
2009,-149.4,-25.3125,1
2010,-145.8,-25.3125,1
2011,-142.2,-25.3125,1
2012,-138.6,-25.3125,0
2013,-135,-25.3125,0
2014,-131.4,-25.3125,0
2015,-127.8,-25.3125,0
2016,-124.2,-25.3125,0
2017,-120.6,-25.3125,1
2018,-117,-25.3125,0
2019,-113.4,-25.3125,1
2020,-109.8,-25.3125,0
2021,-106.2,-25.3125,1
2022,-102.6,-25.3125,0
2023,-99,-25.3125,0
2024,-95.4,-25.3125,0
2025,-91.8,-25.3125,0
2026,-88.2,-25.3125,2
2027,-84.6,-25.3125,0
2028,-81,-25.3125,0
2029,-77.4,-25.3125,0
2030,-73.8,-25.3125,0
2031,-70.2,-25.3125,0
2032,-66.6,-25.3125,0
2033,-63,-25.3125,0
2034,-59.4,-25.3125,1
2035,-55.8,-25.3125,0
2036,-52.2,-25.3125,0
2037,-48.6,-25.3125,0
2038,-45,-25.3125,1
2039,-41.4,-25.3125,1
2040,-37.8,-25.3125,1
2041,-34.2,-25.3125,1
2042,-30.6,-25.3125,0
2043,-27,-25.3125,0
2044,-23.4,-25.3125,0
2045,-19.8,-25.3125,0
2046,-16.2,-25.3125,2
2047,-12.6,-25.3125,0
2048,-9,-25.3125,0
2049,-5.40000000000001,-25.3125,0
2050,-1.79999999999998,-25.3125,0
2051,1.80000000000001,-25.3125,0
2052,5.40000000000001,-25.3125,0
2053,9,-25.3125,0
2054,12.6,-25.3125,2
2055,16.2,-25.3125,1
2056,19.8,-25.3125,1
2057,23.4,-25.3125,1
2058,27,-25.3125,2
2059,30.6,-25.3125,0
2060,34.2,-25.3125,0
2061,37.8,-25.3125,1
2062,41.4,-25.3125,0
2063,45,-25.3125,2
2064,48.6,-25.3125,3
2065,52.2,-25.3125,0
2066,55.8,-25.3125,1
2067,59.4,-25.3125,1
2068,63,-25.3125,1
2069,66.6,-25.3125,0
2070,70.2,-25.3125,2
2071,73.8,-25.3125,1
2072,77.4,-25.3125,0
2073,81,-25.3125,1
2074,84.6,-25.3125,2
2075,88.2,-25.3125,0
2076,91.8,-25.3125,0
2077,95.4,-25.3125,0
2078,99,-25.3125,1
2079,102.6,-25.3125,0
2080,106.2,-25.3125,1
2081,109.8,-25.3125,2
2082,113.4,-25.3125,0
2083,117,-25.3125,2
2084,120.6,-25.3125,1
2085,124.2,-25.3125,0
2086,127.8,-25.3125,2
2087,131.4,-25.3125,0
2088,135,-25.3125,0
2089,138.6,-25.3125,0
2090,142.2,-25.3125,0
2091,145.8,-25.3125,0
2092,149.4,-25.3125,1
2093,153,-25.3125,1
2094,156.6,-25.3125,3
2095,160.2,-25.3125,0
2096,163.8,-25.3125,0
2097,167.4,-25.3125,1
2098,171,-25.3125,0
2099,174.6,-25.3125,0
2100,178.2,-25.3125,2
2101,-178.2,-30.9375,2
2102,-174.6,-30.9375,0
2103,-171,-30.9375,0
2104,-167.4,-30.9375,0
2105,-163.8,-30.9375,0
2106,-160.2,-30.9375,0
2107,-156.6,-30.9375,3
2108,-153,-30.9375,0
2109,-149.4,-30.9375,2
2110,-145.8,-30.9375,1
2111,-142.2,-30.9375,0
2112,-138.6,-30.9375,0
2113,-135,-30.9375,0
2114,-131.4,-30.9375,1
2115,-127.8,-30.9375,1
2116,-124.2,-30.9375,0
2117,-120.6,-30.9375,0
2118,-117,-30.9375,0
2119,-113.4,-30.9375,0
2120,-109.8,-30.9375,2
2121,-106.2,-30.9375,0
2122,-102.6,-30.9375,0
2123,-99,-30.9375,1
2124,-95.4,-30.9375,1
2125,-91.8,-30.9375,0
2126,-88.2,-30.9375,0
2127,-84.6,-30.9375,0
2128,-81,-30.9375,0
2129,-77.4,-30.9375,1
2130,-73.8,-30.9375,0
2131,-70.2,-30.9375,1
2132,-66.6,-30.9375,0
2133,-63,-30.9375,0
2134,-59.4,-30.9375,1
2135,-55.8,-30.9375,1
2136,-52.2,-30.9375,0
2137,-48.6,-30.9375,0
2138,-45,-30.9375,0
2139,-41.4,-30.9375,0
2140,-37.8,-30.9375,0
2141,-34.2,-30.9375,0
2142,-30.6,-30.9375,3
2143,-27,-30.9375,0
2144,-23.4,-30.9375,0
2145,-19.8,-30.9375,0
2146,-16.2,-30.9375,0
2147,-12.6,-30.9375,0
2148,-9,-30.9375,1
2149,-5.40000000000001,-30.9375,0
2150,-1.79999999999998,-30.9375,0
2151,1.80000000000001,-30.9375,0
2152,5.40000000000001,-30.9375,0
2153,9,-30.9375,0
2154,12.6,-30.9375,0
2155,16.2,-30.9375,0
2156,19.8,-30.9375,2
2157,23.4,-30.9375,0
2158,27,-30.9375,0
2159,30.6,-30.9375,0
2160,34.2,-30.9375,1
2161,37.8,-30.9375,1
2162,41.4,-30.9375,0
2163,45,-30.9375,0
2164,48.6,-30.9375,3
2165,52.2,-30.9375,1
2166,55.8,-30.9375,0
2167,59.4,-30.9375,0
2168,63,-30.9375,0
2169,66.6,-30.9375,0
2170,70.2,-30.9375,1
2171,73.8,-30.9375,2
2172,77.4,-30.9375,0
2173,81,-30.9375,1
2174,84.6,-30.9375,0
2175,88.2,-30.9375,0
2176,91.8,-30.9375,2
2177,95.4,-30.9375,0
2178,99,-30.9375,0
2179,102.6,-30.9375,1
2180,106.2,-30.9375,0
2181,109.8,-30.9375,1
2182,113.4,-30.9375,1
2183,117,-30.9375,1
2184,120.6,-30.9375,2
2185,124.2,-30.9375,0
2186,127.8,-30.9375,1
2187,131.4,-30.9375,1
2188,135,-30.9375,1
2189,138.6,-30.9375,2
2190,142.2,-30.9375,0
2191,145.8,-30.9375,0
2192,149.4,-30.9375,0
2193,153,-30.9375,0
2194,156.6,-30.9375,1
2195,160.2,-30.9375,0
2196,163.8,-30.9375,0
2197,167.4,-30.9375,2
2198,171,-30.9375,0
2199,174.6,-30.9375,1
2200,178.2,-30.9375,0
2201,-178.2,-36.5625,0
2202,-174.6,-36.5625,1
2203,-171,-36.5625,0
2204,-167.4,-36.5625,0
2205,-163.8,-36.5625,0
2206,-160.2,-36.5625,0
2207,-156.6,-36.5625,0
2208,-153,-36.5625,0
2209,-149.4,-36.5625,0
2210,-145.8,-36.5625,0
2211,-142.2,-36.5625,0
2212,-138.6,-36.5625,0
2213,-135,-36.5625,0
2214,-131.4,-36.5625,1
2215,-127.8,-36.5625,0
2216,-124.2,-36.5625,0
2217,-120.6,-36.5625,0
2218,-117,-36.5625,1
2219,-113.4,-36.5625,0
2220,-109.8,-36.5625,0
2221,-106.2,-36.5625,2
2222,-102.6,-36.5625,0
2223,-99,-36.5625,0
2224,-95.4,-36.5625,1
2225,-91.8,-36.5625,0
2226,-88.2,-36.5625,0
2227,-84.6,-36.5625,3
2228,-81,-36.5625,0
2229,-77.4,-36.5625,2
2230,-73.8,-36.5625,0
2231,-70.2,-36.5625,0
2232,-66.6,-36.5625,1
2233,-63,-36.5625,0
2234,-59.4,-36.5625,0
2235,-55.8,-36.5625,0
2236,-52.2,-36.5625,1
2237,-48.6,-36.5625,1
2238,-45,-36.5625,0
2239,-41.4,-36.5625,0
2240,-37.8,-36.5625,0
2241,-34.2,-36.5625,0
2242,-30.6,-36.5625,1
2243,-27,-36.5625,1
2244,-23.4,-36.5625,0
2245,-19.8,-36.5625,0
2246,-16.2,-36.5625,0
2247,-12.6,-36.5625,0
2248,-9,-36.5625,0
2249,-5.40000000000001,-36.5625,0
2250,-1.79999999999998,-36.5625,0
2251,1.80000000000001,-36.5625,0
2252,5.40000000000001,-36.5625,4
2253,9,-36.5625,0
2254,12.6,-36.5625,1
2255,16.2,-36.5625,2
2256,19.8,-36.5625,0
2257,23.4,-36.5625,1
2258,27,-36.5625,1
2259,30.6,-36.5625,0
2260,34.2,-36.5625,0
2261,37.8,-36.5625,1
2262,41.4,-36.5625,0
2263,45,-36.5625,1
2264,48.6,-36.5625,1
2265,52.2,-36.5625,2
2266,55.8,-36.5625,0
2267,59.4,-36.5625,2
2268,63,-36.5625,1
2269,66.6,-36.5625,0
2270,70.2,-36.5625,1
2271,73.8,-36.5625,1
2272,77.4,-36.5625,1
2273,81,-36.5625,0
2274,84.6,-36.5625,0
2275,88.2,-36.5625,0
2276,91.8,-36.5625,0
2277,95.4,-36.5625,0
2278,99,-36.5625,0
2279,102.6,-36.5625,0
2280,106.2,-36.5625,0
2281,109.8,-36.5625,0
2282,113.4,-36.5625,0
2283,117,-36.5625,1
2284,120.6,-36.5625,0
2285,124.2,-36.5625,1
2286,127.8,-36.5625,1
2287,131.4,-36.5625,0
2288,135,-36.5625,1
2289,138.6,-36.5625,0
2290,142.2,-36.5625,1
2291,145.8,-36.5625,1
2292,149.4,-36.5625,1
2293,153,-36.5625,0
2294,156.6,-36.5625,2
2295,160.2,-36.5625,0
2296,163.8,-36.5625,1
2297,167.4,-36.5625,0
2298,171,-36.5625,0
2299,174.6,-36.5625,1
2300,178.2,-36.5625,1
2301,-178.2,-42.1875,0
2302,-174.6,-42.1875,0
2303,-171,-42.1875,0
2304,-167.4,-42.1875,1
2305,-163.8,-42.1875,2
2306,-160.2,-42.1875,0
2307,-156.6,-42.1875,0
2308,-153,-42.1875,0
2309,-149.4,-42.1875,1
2310,-145.8,-42.1875,1
2311,-142.2,-42.1875,2
2312,-138.6,-42.1875,1
2313,-135,-42.1875,2
2314,-131.4,-42.1875,0
2315,-127.8,-42.1875,0
2316,-124.2,-42.1875,0
2317,-120.6,-42.1875,0
2318,-117,-42.1875,0
2319,-113.4,-42.1875,0
2320,-109.8,-42.1875,0
2321,-106.2,-42.1875,1
2322,-102.6,-42.1875,0
2323,-99,-42.1875,2
2324,-95.4,-42.1875,2
2325,-91.8,-42.1875,0
2326,-88.2,-42.1875,0
2327,-84.6,-42.1875,1
2328,-81,-42.1875,0
2329,-77.4,-42.1875,0
2330,-73.8,-42.1875,0
2331,-70.2,-42.1875,0
2332,-66.6,-42.1875,0
2333,-63,-42.1875,1
2334,-59.4,-42.1875,1
2335,-55.8,-42.1875,0
2336,-52.2,-42.1875,1
2337,-48.6,-42.1875,2
2338,-45,-42.1875,0
2339,-41.4,-42.1875,0
2340,-37.8,-42.1875,0
2341,-34.2,-42.1875,0
2342,-30.6,-42.1875,1
2343,-27,-42.1875,1
2344,-23.4,-42.1875,2
2345,-19.8,-42.1875,0
2346,-16.2,-42.1875,1
2347,-12.6,-42.1875,0
2348,-9,-42.1875,0
2349,-5.40000000000001,-42.1875,2
2350,-1.79999999999998,-42.1875,0
2351,1.80000000000001,-42.1875,2
2352,5.40000000000001,-42.1875,0
2353,9,-42.1875,0
2354,12.6,-42.1875,0
2355,16.2,-42.1875,0
2356,19.8,-42.1875,0
2357,23.4,-42.1875,3
2358,27,-42.1875,3
2359,30.6,-42.1875,1
2360,34.2,-42.1875,1
2361,37.8,-42.1875,3
2362,41.4,-42.1875,0
2363,45,-42.1875,0
2364,48.6,-42.1875,0
2365,52.2,-42.1875,0
2366,55.8,-42.1875,0
2367,59.4,-42.1875,0
2368,63,-42.1875,1
2369,66.6,-42.1875,1
2370,70.2,-42.1875,0
2371,73.8,-42.1875,0
2372,77.4,-42.1875,0
2373,81,-42.1875,0
2374,84.6,-42.1875,0
2375,88.2,-42.1875,3
2376,91.8,-42.1875,0
2377,95.4,-42.1875,0
2378,99,-42.1875,0
2379,102.6,-42.1875,0
2380,106.2,-42.1875,0
2381,109.8,-42.1875,0
2382,113.4,-42.1875,0
2383,117,-42.1875,0
2384,120.6,-42.1875,0
2385,124.2,-42.1875,1
2386,127.8,-42.1875,0
2387,131.4,-42.1875,0
2388,135,-42.1875,0
2389,138.6,-42.1875,0
2390,142.2,-42.1875,0
2391,145.8,-42.1875,0
2392,149.4,-42.1875,0
2393,153,-42.1875,3
2394,156.6,-42.1875,0
2395,160.2,-42.1875,0
2396,163.8,-42.1875,1
2397,167.4,-42.1875,0
2398,171,-42.1875,0
2399,174.6,-42.1875,1
2400,178.2,-42.1875,1
2401,-178.2,-47.8125,0
2402,-174.6,-47.8125,1
2403,-171,-47.8125,1
2404,-167.4,-47.8125,2
2405,-163.8,-47.8125,3
2406,-160.2,-47.8125,0
2407,-156.6,-47.8125,1
2408,-153,-47.8125,0
2409,-149.4,-47.8125,1
2410,-145.8,-47.8125,0
2411,-142.2,-47.8125,0
2412,-138.6,-47.8125,1
2413,-135,-47.8125,2
2414,-131.4,-47.8125,0
2415,-127.8,-47.8125,1
2416,-124.2,-47.8125,0
2417,-120.6,-47.8125,0
2418,-117,-47.8125,0
2419,-113.4,-47.8125,0
2420,-109.8,-47.8125,0
2421,-106.2,-47.8125,3
2422,-102.6,-47.8125,0
2423,-99,-47.8125,2
2424,-95.4,-47.8125,2
2425,-91.8,-47.8125,0
2426,-88.2,-47.8125,1
2427,-84.6,-47.8125,0
2428,-81,-47.8125,1
2429,-77.4,-47.8125,2
2430,-73.8,-47.8125,2
2431,-70.2,-47.8125,0
2432,-66.6,-47.8125,0
2433,-63,-47.8125,0
2434,-59.4,-47.8125,0
2435,-55.8,-47.8125,2
2436,-52.2,-47.8125,1
2437,-48.6,-47.8125,1
2438,-45,-47.8125,0
2439,-41.4,-47.8125,1
2440,-37.8,-47.8125,1
2441,-34.2,-47.8125,1
2442,-30.6,-47.8125,0
2443,-27,-47.8125,0
2444,-23.4,-47.8125,0
2445,-19.8,-47.8125,0
2446,-16.2,-47.8125,0
2447,-12.6,-47.8125,0
2448,-9,-47.8125,3
2449,-5.40000000000001,-47.8125,0
2450,-1.79999999999998,-47.8125,1
2451,1.80000000000001,-47.8125,0
2452,5.40000000000001,-47.8125,0
2453,9,-47.8125,0
2454,12.6,-47.8125,0
2455,16.2,-47.8125,0
2456,19.8,-47.8125,1
2457,23.4,-47.8125,0
2458,27,-47.8125,0
2459,30.6,-47.8125,1
2460,34.2,-47.8125,1
2461,37.8,-47.8125,3
2462,41.4,-47.8125,0
2463,45,-47.8125,0
2464,48.6,-47.8125,0
2465,52.2,-47.8125,2
2466,55.8,-47.8125,0
2467,59.4,-47.8125,1
2468,63,-47.8125,3
2469,66.6,-47.8125,0
2470,70.2,-47.8125,1
2471,73.8,-47.8125,0
2472,77.4,-47.8125,0
2473,81,-47.8125,2
2474,84.6,-47.8125,0
2475,88.2,-47.8125,0
2476,91.8,-47.8125,1
2477,95.4,-47.8125,0
2478,99,-47.8125,2
2479,102.6,-47.8125,0
2480,106.2,-47.8125,1
2481,109.8,-47.8125,0
2482,113.4,-47.8125,1
2483,117,-47.8125,1
2484,120.6,-47.8125,0
2485,124.2,-47.8125,0
2486,127.8,-47.8125,3
2487,131.4,-47.8125,0
2488,135,-47.8125,1
2489,138.6,-47.8125,0
2490,142.2,-47.8125,0
2491,145.8,-47.8125,1
2492,149.4,-47.8125,0
2493,153,-47.8125,0
2494,156.6,-47.8125,0
2495,160.2,-47.8125,0
2496,163.8,-47.8125,0
2497,167.4,-47.8125,0
2498,171,-47.8125,1
2499,174.6,-47.8125,0
2500,178.2,-47.8125,1
2501,-178.2,-53.4375,0
2502,-174.6,-53.4375,1
2503,-171,-53.4375,0
2504,-167.4,-53.4375,1
2505,-163.8,-53.4375,0
2506,-160.2,-53.4375,0
2507,-156.6,-53.4375,0
2508,-153,-53.4375,0
2509,-149.4,-53.4375,1
2510,-145.8,-53.4375,1
2511,-142.2,-53.4375,0
2512,-138.6,-53.4375,1
2513,-135,-53.4375,1
2514,-131.4,-53.4375,0
2515,-127.8,-53.4375,0
2516,-124.2,-53.4375,0
2517,-120.6,-53.4375,0
2518,-117,-53.4375,0
2519,-113.4,-53.4375,3
2520,-109.8,-53.4375,0
2521,-106.2,-53.4375,1
2522,-102.6,-53.4375,1
2523,-99,-53.4375,1
2524,-95.4,-53.4375,1
2525,-91.8,-53.4375,1
2526,-88.2,-53.4375,0
2527,-84.6,-53.4375,0
2528,-81,-53.4375,1
2529,-77.4,-53.4375,1
2530,-73.8,-53.4375,0
2531,-70.2,-53.4375,1
2532,-66.6,-53.4375,0
2533,-63,-53.4375,4
2534,-59.4,-53.4375,2
2535,-55.8,-53.4375,1
2536,-52.2,-53.4375,0
2537,-48.6,-53.4375,1
2538,-45,-53.4375,1
2539,-41.4,-53.4375,0
2540,-37.8,-53.4375,0
2541,-34.2,-53.4375,0
2542,-30.6,-53.4375,2
2543,-27,-53.4375,0
2544,-23.4,-53.4375,0
2545,-19.8,-53.4375,0
2546,-16.2,-53.4375,0
2547,-12.6,-53.4375,0
2548,-9,-53.4375,0
2549,-5.40000000000001,-53.4375,0
2550,-1.79999999999998,-53.4375,1
2551,1.80000000000001,-53.4375,0
2552,5.40000000000001,-53.4375,1
2553,9,-53.4375,0
2554,12.6,-53.4375,0
2555,16.2,-53.4375,0
2556,19.8,-53.4375,0
2557,23.4,-53.4375,1
2558,27,-53.4375,0
2559,30.6,-53.4375,0
2560,34.2,-53.4375,0
2561,37.8,-53.4375,0
2562,41.4,-53.4375,0
2563,45,-53.4375,0
2564,48.6,-53.4375,1
2565,52.2,-53.4375,2
2566,55.8,-53.4375,0
2567,59.4,-53.4375,0
2568,63,-53.4375,0
2569,66.6,-53.4375,1
2570,70.2,-53.4375,0
2571,73.8,-53.4375,2
2572,77.4,-53.4375,0
2573,81,-53.4375,0
2574,84.6,-53.4375,0
2575,88.2,-53.4375,0
2576,91.8,-53.4375,0
2577,95.4,-53.4375,2
2578,99,-53.4375,0
2579,102.6,-53.4375,1
2580,106.2,-53.4375,0
2581,109.8,-53.4375,0
2582,113.4,-53.4375,0
2583,117,-53.4375,0
2584,120.6,-53.4375,0
2585,124.2,-53.4375,0
2586,127.8,-53.4375,1
2587,131.4,-53.4375,0
2588,135,-53.4375,0
2589,138.6,-53.4375,0
2590,142.2,-53.4375,0
2591,145.8,-53.4375,0
2592,149.4,-53.4375,0
2593,153,-53.4375,2
2594,156.6,-53.4375,0
2595,160.2,-53.4375,0
2596,163.8,-53.4375,2
2597,167.4,-53.4375,0
2598,171,-53.4375,0
2599,174.6,-53.4375,0
2600,178.2,-53.4375,2
2601,-178.2,-59.0625,0
2602,-174.6,-59.0625,0
2603,-171,-59.0625,1
2604,-167.4,-59.0625,0
2605,-163.8,-59.0625,0
2606,-160.2,-59.0625,0
2607,-156.6,-59.0625,0
2608,-153,-59.0625,1
2609,-149.4,-59.0625,1
2610,-145.8,-59.0625,1
2611,-142.2,-59.0625,1
2612,-138.6,-59.0625,0
2613,-135,-59.0625,0
2614,-131.4,-59.0625,1
2615,-127.8,-59.0625,1
2616,-124.2,-59.0625,1
2617,-120.6,-59.0625,0
2618,-117,-59.0625,1
2619,-113.4,-59.0625,1
2620,-109.8,-59.0625,3
2621,-106.2,-59.0625,1
2622,-102.6,-59.0625,1
2623,-99,-59.0625,3
2624,-95.4,-59.0625,4
2625,-91.8,-59.0625,0
2626,-88.2,-59.0625,0
2627,-84.6,-59.0625,0
2628,-81,-59.0625,0
2629,-77.4,-59.0625,2
2630,-73.8,-59.0625,1
2631,-70.2,-59.0625,0
2632,-66.6,-59.0625,2
2633,-63,-59.0625,0
2634,-59.4,-59.0625,1
2635,-55.8,-59.0625,1
2636,-52.2,-59.0625,0
2637,-48.6,-59.0625,0
2638,-45,-59.0625,0
2639,-41.4,-59.0625,1
2640,-37.8,-59.0625,0
2641,-34.2,-59.0625,2
2642,-30.6,-59.0625,0
2643,-27,-59.0625,1
2644,-23.4,-59.0625,0
2645,-19.8,-59.0625,0
2646,-16.2,-59.0625,0
2647,-12.6,-59.0625,0
2648,-9,-59.0625,0
2649,-5.40000000000001,-59.0625,0
2650,-1.79999999999998,-59.0625,0
2651,1.80000000000001,-59.0625,0
2652,5.40000000000001,-59.0625,0
2653,9,-59.0625,0
2654,12.6,-59.0625,6
2655,16.2,-59.0625,2
2656,19.8,-59.0625,1
2657,23.4,-59.0625,5
2658,27,-59.0625,0
2659,30.6,-59.0625,0
2660,34.2,-59.0625,0
2661,37.8,-59.0625,0
2662,41.4,-59.0625,0
2663,45,-59.0625,0
2664,48.6,-59.0625,0
2665,52.2,-59.0625,1
2666,55.8,-59.0625,0
2667,59.4,-59.0625,0
2668,63,-59.0625,0
2669,66.6,-59.0625,0
2670,70.2,-59.0625,0
2671,73.8,-59.0625,0
2672,77.4,-59.0625,0
2673,81,-59.0625,0
2674,84.6,-59.0625,0
2675,88.2,-59.0625,1
2676,91.8,-59.0625,0
2677,95.4,-59.0625,0
2678,99,-59.0625,0
2679,102.6,-59.0625,0
2680,106.2,-59.0625,0
2681,109.8,-59.0625,0
2682,113.4,-59.0625,0
2683,117,-59.0625,1
2684,120.6,-59.0625,2
2685,124.2,-59.0625,0
2686,127.8,-59.0625,1
2687,131.4,-59.0625,0
2688,135,-59.0625,0
2689,138.6,-59.0625,3
2690,142.2,-59.0625,0
2691,145.8,-59.0625,1
2692,149.4,-59.0625,0
2693,153,-59.0625,0
2694,156.6,-59.0625,1
2695,160.2,-59.0625,0
2696,163.8,-59.0625,0
2697,167.4,-59.0625,1
2698,171,-59.0625,0
2699,174.6,-59.0625,3
2700,178.2,-59.0625,2
2701,-178.2,-64.6875,0
2702,-174.6,-64.6875,2
2703,-171,-64.6875,3
2704,-167.4,-64.6875,2
2705,-163.8,-64.6875,0
2706,-160.2,-64.6875,1
2707,-156.6,-64.6875,0
2708,-153,-64.6875,0
2709,-149.4,-64.6875,0
2710,-145.8,-64.6875,1
2711,-142.2,-64.6875,0
2712,-138.6,-64.6875,1
2713,-135,-64.6875,0
2714,-131.4,-64.6875,0
2715,-127.8,-64.6875,0
2716,-124.2,-64.6875,1
2717,-120.6,-64.6875,0
2718,-117,-64.6875,0
2719,-113.4,-64.6875,1
2720,-109.8,-64.6875,0
2721,-106.2,-64.6875,1
2722,-102.6,-64.6875,3
2723,-99,-64.6875,1
2724,-95.4,-64.6875,0
2725,-91.8,-64.6875,0
2726,-88.2,-64.6875,1
2727,-84.6,-64.6875,1
2728,-81,-64.6875,1
2729,-77.4,-64.6875,1
2730,-73.8,-64.6875,0
2731,-70.2,-64.6875,1
2732,-66.6,-64.6875,0
2733,-63,-64.6875,0
2734,-59.4,-64.6875,0
2735,-55.8,-64.6875,0
2736,-52.2,-64.6875,0
2737,-48.6,-64.6875,1
2738,-45,-64.6875,1
2739,-41.4,-64.6875,0
2740,-37.8,-64.6875,4
2741,-34.2,-64.6875,0
2742,-30.6,-64.6875,1
2743,-27,-64.6875,0
2744,-23.4,-64.6875,0
2745,-19.8,-64.6875,1
2746,-16.2,-64.6875,0
2747,-12.6,-64.6875,0
2748,-9,-64.6875,1
2749,-5.40000000000001,-64.6875,0
2750,-1.79999999999998,-64.6875,1
2751,1.80000000000001,-64.6875,0
2752,5.40000000000001,-64.6875,0
2753,9,-64.6875,0
2754,12.6,-64.6875,1
2755,16.2,-64.6875,0
2756,19.8,-64.6875,0
2757,23.4,-64.6875,0
2758,27,-64.6875,1
2759,30.6,-64.6875,0
2760,34.2,-64.6875,0
2761,37.8,-64.6875,1
2762,41.4,-64.6875,2
2763,45,-64.6875,1
2764,48.6,-64.6875,0
2765,52.2,-64.6875,1
2766,55.8,-64.6875,0
2767,59.4,-64.6875,1
2768,63,-64.6875,0
2769,66.6,-64.6875,1
2770,70.2,-64.6875,0
2771,73.8,-64.6875,0
2772,77.4,-64.6875,3
2773,81,-64.6875,0
2774,84.6,-64.6875,3
2775,88.2,-64.6875,2
2776,91.8,-64.6875,0
2777,95.4,-64.6875,1
2778,99,-64.6875,0
2779,102.6,-64.6875,0
2780,106.2,-64.6875,0
2781,109.8,-64.6875,2
2782,113.4,-64.6875,1
2783,117,-64.6875,2
2784,120.6,-64.6875,0
2785,124.2,-64.6875,0
2786,127.8,-64.6875,0
2787,131.4,-64.6875,0
2788,135,-64.6875,1
2789,138.6,-64.6875,1
2790,142.2,-64.6875,0
2791,145.8,-64.6875,1
2792,149.4,-64.6875,0
2793,153,-64.6875,0
2794,156.6,-64.6875,2
2795,160.2,-64.6875,1
2796,163.8,-64.6875,0
2797,167.4,-64.6875,0
2798,171,-64.6875,0
2799,174.6,-64.6875,0
2800,178.2,-64.6875,0
2801,-178.2,-70.3125,0
2802,-174.6,-70.3125,0
2803,-171,-70.3125,2
2804,-167.4,-70.3125,0
2805,-163.8,-70.3125,1
2806,-160.2,-70.3125,2
2807,-156.6,-70.3125,0
2808,-153,-70.3125,0
2809,-149.4,-70.3125,1
2810,-145.8,-70.3125,0
2811,-142.2,-70.3125,2
2812,-138.6,-70.3125,1
2813,-135,-70.3125,0
2814,-131.4,-70.3125,0
2815,-127.8,-70.3125,0
2816,-124.2,-70.3125,0
2817,-120.6,-70.3125,0
2818,-117,-70.3125,0
2819,-113.4,-70.3125,0
2820,-109.8,-70.3125,0
2821,-106.2,-70.3125,1
2822,-102.6,-70.3125,0
2823,-99,-70.3125,0
2824,-95.4,-70.3125,0
2825,-91.8,-70.3125,0
2826,-88.2,-70.3125,0
2827,-84.6,-70.3125,0
2828,-81,-70.3125,0
2829,-77.4,-70.3125,1
2830,-73.8,-70.3125,0
2831,-70.2,-70.3125,0
2832,-66.6,-70.3125,1
2833,-63,-70.3125,0
2834,-59.4,-70.3125,2
2835,-55.8,-70.3125,0
2836,-52.2,-70.3125,0
2837,-48.6,-70.3125,0
2838,-45,-70.3125,0
2839,-41.4,-70.3125,1
2840,-37.8,-70.3125,0
2841,-34.2,-70.3125,0
2842,-30.6,-70.3125,1
2843,-27,-70.3125,1
2844,-23.4,-70.3125,0
2845,-19.8,-70.3125,0
2846,-16.2,-70.3125,0
2847,-12.6,-70.3125,1
2848,-9,-70.3125,1
2849,-5.40000000000001,-70.3125,5
2850,-1.79999999999998,-70.3125,1
2851,1.80000000000001,-70.3125,0
2852,5.40000000000001,-70.3125,0
2853,9,-70.3125,1
2854,12.6,-70.3125,0
2855,16.2,-70.3125,1
2856,19.8,-70.3125,0
2857,23.4,-70.3125,0
2858,27,-70.3125,0
2859,30.6,-70.3125,0
2860,34.2,-70.3125,0
2861,37.8,-70.3125,0
2862,41.4,-70.3125,0
2863,45,-70.3125,2
2864,48.6,-70.3125,0
2865,52.2,-70.3125,0
2866,55.8,-70.3125,0
2867,59.4,-70.3125,1
2868,63,-70.3125,2
2869,66.6,-70.3125,0
2870,70.2,-70.3125,0
2871,73.8,-70.3125,2
2872,77.4,-70.3125,0
2873,81,-70.3125,1
2874,84.6,-70.3125,0
2875,88.2,-70.3125,2
2876,91.8,-70.3125,0
2877,95.4,-70.3125,0
2878,99,-70.3125,0
2879,102.6,-70.3125,0
2880,106.2,-70.3125,1
2881,109.8,-70.3125,0
2882,113.4,-70.3125,1
2883,117,-70.3125,2
2884,120.6,-70.3125,1
2885,124.2,-70.3125,0
2886,127.8,-70.3125,0
2887,131.4,-70.3125,1
2888,135,-70.3125,0
2889,138.6,-70.3125,1
2890,142.2,-70.3125,4
2891,145.8,-70.3125,0
2892,149.4,-70.3125,1
2893,153,-70.3125,1
2894,156.6,-70.3125,0
2895,160.2,-70.3125,3
2896,163.8,-70.3125,0
2897,167.4,-70.3125,0
2898,171,-70.3125,0
2899,174.6,-70.3125,2
2900,178.2,-70.3125,0
2901,-178.2,-75.9375,0
2902,-174.6,-75.9375,0
2903,-171,-75.9375,2
2904,-167.4,-75.9375,0
2905,-163.8,-75.9375,0
2906,-160.2,-75.9375,1
2907,-156.6,-75.9375,0
2908,-153,-75.9375,1
2909,-149.4,-75.9375,0
2910,-145.8,-75.9375,2
2911,-142.2,-75.9375,0
2912,-138.6,-75.9375,0
2913,-135,-75.9375,2
2914,-131.4,-75.9375,0
2915,-127.8,-75.9375,0
2916,-124.2,-75.9375,2
2917,-120.6,-75.9375,0
2918,-117,-75.9375,0
2919,-113.4,-75.9375,0
2920,-109.8,-75.9375,0
2921,-106.2,-75.9375,1
2922,-102.6,-75.9375,0
2923,-99,-75.9375,0
2924,-95.4,-75.9375,2
2925,-91.8,-75.9375,0
2926,-88.2,-75.9375,0
2927,-84.6,-75.9375,1
2928,-81,-75.9375,2
2929,-77.4,-75.9375,3
2930,-73.8,-75.9375,1
2931,-70.2,-75.9375,0
2932,-66.6,-75.9375,0
2933,-63,-75.9375,1
2934,-59.4,-75.9375,0
2935,-55.8,-75.9375,0
2936,-52.2,-75.9375,0
2937,-48.6,-75.9375,0
2938,-45,-75.9375,1
2939,-41.4,-75.9375,0
2940,-37.8,-75.9375,0
2941,-34.2,-75.9375,0
2942,-30.6,-75.9375,0
2943,-27,-75.9375,1
2944,-23.4,-75.9375,1
2945,-19.8,-75.9375,1
2946,-16.2,-75.9375,1
2947,-12.6,-75.9375,0
2948,-9,-75.9375,2
2949,-5.40000000000001,-75.9375,0
2950,-1.79999999999998,-75.9375,0
2951,1.80000000000001,-75.9375,0
2952,5.40000000000001,-75.9375,0
2953,9,-75.9375,0
2954,12.6,-75.9375,0
2955,16.2,-75.9375,1
2956,19.8,-75.9375,0
2957,23.4,-75.9375,4
2958,27,-75.9375,0
2959,30.6,-75.9375,0
2960,34.2,-75.9375,0
2961,37.8,-75.9375,0
2962,41.4,-75.9375,0
2963,45,-75.9375,0
2964,48.6,-75.9375,0
2965,52.2,-75.9375,2
2966,55.8,-75.9375,1
2967,59.4,-75.9375,0
2968,63,-75.9375,2
2969,66.6,-75.9375,1
2970,70.2,-75.9375,0
2971,73.8,-75.9375,0
2972,77.4,-75.9375,0
2973,81,-75.9375,1
2974,84.6,-75.9375,0
2975,88.2,-75.9375,1
2976,91.8,-75.9375,1
2977,95.4,-75.9375,1
2978,99,-75.9375,0
2979,102.6,-75.9375,0
2980,106.2,-75.9375,0
2981,109.8,-75.9375,0
2982,113.4,-75.9375,0
2983,117,-75.9375,0
2984,120.6,-75.9375,1
2985,124.2,-75.9375,0
2986,127.8,-75.9375,0
2987,131.4,-75.9375,0
2988,135,-75.9375,1
2989,138.6,-75.9375,1
2990,142.2,-75.9375,1
2991,145.8,-75.9375,0
2992,149.4,-75.9375,0
2993,153,-75.9375,0
2994,156.6,-75.9375,0
2995,160.2,-75.9375,0
2996,163.8,-75.9375,2
2997,167.4,-75.9375,0
2998,171,-75.9375,1
2999,174.6,-75.9375,0
3000,178.2,-75.9375,1
3001,-178.2,-81.5625,0
3002,-174.6,-81.5625,0
3003,-171,-81.5625,0
3004,-167.4,-81.5625,1
3005,-163.8,-81.5625,2
3006,-160.2,-81.5625,1
3007,-156.6,-81.5625,0
3008,-153,-81.5625,0
3009,-149.4,-81.5625,0
3010,-145.8,-81.5625,1
3011,-142.2,-81.5625,1
3012,-138.6,-81.5625,1
3013,-135,-81.5625,0
3014,-131.4,-81.5625,0
3015,-127.8,-81.5625,0
3016,-124.2,-81.5625,1
3017,-120.6,-81.5625,0
3018,-117,-81.5625,0
3019,-113.4,-81.5625,0
3020,-109.8,-81.5625,1
3021,-106.2,-81.5625,0
3022,-102.6,-81.5625,0
3023,-99,-81.5625,0
3024,-95.4,-81.5625,0
3025,-91.8,-81.5625,0
3026,-88.2,-81.5625,0
3027,-84.6,-81.5625,0
3028,-81,-81.5625,0
3029,-77.4,-81.5625,0
3030,-73.8,-81.5625,1
3031,-70.2,-81.5625,0
3032,-66.6,-81.5625,0
3033,-63,-81.5625,4
3034,-59.4,-81.5625,0
3035,-55.8,-81.5625,0
3036,-52.2,-81.5625,0
3037,-48.6,-81.5625,2
3038,-45,-81.5625,0
3039,-41.4,-81.5625,1
3040,-37.8,-81.5625,2
3041,-34.2,-81.5625,1
3042,-30.6,-81.5625,0
3043,-27,-81.5625,1
3044,-23.4,-81.5625,2
3045,-19.8,-81.5625,0
3046,-16.2,-81.5625,0
3047,-12.6,-81.5625,0
3048,-9,-81.5625,0
3049,-5.40000000000001,-81.5625,2
3050,-1.79999999999998,-81.5625,0
3051,1.80000000000001,-81.5625,0
3052,5.40000000000001,-81.5625,0
3053,9,-81.5625,0
3054,12.6,-81.5625,0
3055,16.2,-81.5625,0
3056,19.8,-81.5625,0
3057,23.4,-81.5625,1
3058,27,-81.5625,1
3059,30.6,-81.5625,0
3060,34.2,-81.5625,0
3061,37.8,-81.5625,1
3062,41.4,-81.5625,0
3063,45,-81.5625,0
3064,48.6,-81.5625,0
3065,52.2,-81.5625,0
3066,55.8,-81.5625,1
3067,59.4,-81.5625,0
3068,63,-81.5625,0
3069,66.6,-81.5625,2
3070,70.2,-81.5625,0
3071,73.8,-81.5625,0
3072,77.4,-81.5625,1
3073,81,-81.5625,1
3074,84.6,-81.5625,0
3075,88.2,-81.5625,0
3076,91.8,-81.5625,1
3077,95.4,-81.5625,1
3078,99,-81.5625,0
3079,102.6,-81.5625,3
3080,106.2,-81.5625,1
3081,109.8,-81.5625,0
3082,113.4,-81.5625,3
3083,117,-81.5625,0
3084,120.6,-81.5625,0
3085,124.2,-81.5625,0
3086,127.8,-81.5625,0
3087,131.4,-81.5625,0
3088,135,-81.5625,0
3089,138.6,-81.5625,0
3090,142.2,-81.5625,1
3091,145.8,-81.5625,0
3092,149.4,-81.5625,0
3093,153,-81.5625,0
3094,156.6,-81.5625,0
3095,160.2,-81.5625,1
3096,163.8,-81.5625,2
3097,167.4,-81.5625,1
3098,171,-81.5625,0
3099,174.6,-81.5625,0
3100,178.2,-81.5625,0
3101,-178.2,-87.1875,0
3102,-174.6,-87.1875,2
3103,-171,-87.1875,0
3104,-167.4,-87.1875,1
3105,-163.8,-87.1875,0
3106,-160.2,-87.1875,2
3107,-156.6,-87.1875,1
3108,-153,-87.1875,0
3109,-149.4,-87.1875,0
3110,-145.8,-87.1875,0
3111,-142.2,-87.1875,0
3112,-138.6,-87.1875,0
3113,-135,-87.1875,0
3114,-131.4,-87.1875,0
3115,-127.8,-87.1875,0
3116,-124.2,-87.1875,0
3117,-120.6,-87.1875,0
3118,-117,-87.1875,1
3119,-113.4,-87.1875,0
3120,-109.8,-87.1875,1
3121,-106.2,-87.1875,1
3122,-102.6,-87.1875,0
3123,-99,-87.1875,0
3124,-95.4,-87.1875,0
3125,-91.8,-87.1875,0
3126,-88.2,-87.1875,1
3127,-84.6,-87.1875,0
3128,-81,-87.1875,0
3129,-77.4,-87.1875,0
3130,-73.8,-87.1875,0
3131,-70.2,-87.1875,0
3132,-66.6,-87.1875,0
3133,-63,-87.1875,0
3134,-59.4,-87.1875,0
3135,-55.8,-87.1875,0
3136,-52.2,-87.1875,0
3137,-48.6,-87.1875,2
3138,-45,-87.1875,1
3139,-41.4,-87.1875,0
3140,-37.8,-87.1875,0
3141,-34.2,-87.1875,0
3142,-30.6,-87.1875,0
3143,-27,-87.1875,0
3144,-23.4,-87.1875,2
3145,-19.8,-87.1875,0
3146,-16.2,-87.1875,0
3147,-12.6,-87.1875,1
3148,-9,-87.1875,0
3149,-5.40000000000001,-87.1875,0
3150,-1.79999999999998,-87.1875,0
3151,1.80000000000001,-87.1875,0
3152,5.40000000000001,-87.1875,2
3153,9,-87.1875,4
3154,12.6,-87.1875,0
3155,16.2,-87.1875,1
3156,19.8,-87.1875,1
3157,23.4,-87.1875,0
3158,27,-87.1875,0
3159,30.6,-87.1875,0
3160,34.2,-87.1875,1
3161,37.8,-87.1875,0
3162,41.4,-87.1875,1
3163,45,-87.1875,0
3164,48.6,-87.1875,0
3165,52.2,-87.1875,0
3166,55.8,-87.1875,0
3167,59.4,-87.1875,1
3168,63,-87.1875,0
3169,66.6,-87.1875,2
3170,70.2,-87.1875,0
3171,73.8,-87.1875,1
3172,77.4,-87.1875,0
3173,81,-87.1875,0
3174,84.6,-87.1875,0
3175,88.2,-87.1875,1
3176,91.8,-87.1875,0
3177,95.4,-87.1875,0
3178,99,-87.1875,0
3179,102.6,-87.1875,0
3180,106.2,-87.1875,1
3181,109.8,-87.1875,0
3182,113.4,-87.1875,1
3183,117,-87.1875,0
3184,120.6,-87.1875,3
3185,124.2,-87.1875,0
3186,127.8,-87.1875,0
3187,131.4,-87.1875,1
3188,135,-87.1875,0
3189,138.6,-87.1875,1
3190,142.2,-87.1875,0
3191,145.8,-87.1875,1
3192,149.4,-87.1875,0
3193,153,-87.1875,1
3194,156.6,-87.1875,0
3195,160.2,-87.1875,0
3196,163.8,-87.1875,0
3197,167.4,-87.1875,2
3198,171,-87.1875,0
3199,174.6,-87.1875,0
3200,178.2,-87.1875,0
